-2143.21 , -21.5892 , -0 , -0 , 1 , 1.9061 , 4167.02 , 9322.79 , 3.28423 , 12.7248 , -0.890953 , 2.75873 , 2022.15 , 2.9791 , 41.7681 , -1743.97 , 296.749 , -24.3729 , 0.683742 , 0.0118933 , 0.0110867 , 0.0444428 , 0.0335395 , 0.943128 , 0.0356787 , 2.13174 , 0.223496 , 5453.83 , 5581.23 , 10085.3 , 10107.8 , 2.64175 , 2.6938 , 9.2181 , 9.6401 , -0.564535 , 0.575177 , 4.16992 , 4.23381 , 2209.73 , 2343.25 , 4.88715 , 5.06242 , 44.2488 , 45.8505 , 0.0421154 , 0.0324258 , 0.0267501 , 0.0242246 , 0.0232569 , 0.0229334 , 0.0228201 , 0.0225558 , 0.0219634 , 0.0211956 , 0.0205657 , 0.020256 , 0.0202069 , 0
-2308.09 , -21.7315 , -0 , 0.0623792 , 0.937621 , 2.14013 , 5219.85 , 10071.7 , 2.70692 , 9.27553 , -0.854601 , 2.69877 , 2151.22 , 4.05757 , 41.0516 , -1885 , 354.561 , -24.3737 , 0.663837 , 0.0118933 , 0.0110867 , 0.0451714 , 0.0337228 , 0.9424 , 0.0355976 , 2.13028 , 0.223317 , 5419.03 , 5545.86 , 10067.9 , 10090.2 , 2.65927 , 2.70994 , 9.30421 , 9.71307 , -0.575364 , 0.588562 , 4.12699 , 4.20088 , 2202.85 , 2336.66 , 4.82858 , 5.0067 , 43.6358 , 45.1944 , 0.0339854 , 0.0255149 , 0.0208873 , 0.0189444 , 0.0180424 , 0.0174352 , 0.0170338 , 0.0168019 , 0.0166452 , 0.0164916 , 0.0163348 , 0.0162681 , 0.016319 , 0
-1200.26 , -21.8328 , 0.0331993 , 0.0760387 , 0.890762 , 2.34125 , 6131.71 , 10518.3 , 2.2411 , 7.02223 , -1.27329 , 1.72099 , 2065.17 , 4.60214 , 40.9287 , -1748.05 , 419.033 , -24.3815 , 0.647698 , 0.0128392 , 0.0118304 , 0.0461605 , 0.034247 , 0.940465 , 0.0370091 , 2.14483 , 0.224734 , 5456.97 , 5584.44 , 10089.7 , 10112.3 , 2.64477 , 2.69694 , 9.23177 , 9.65376 , -0.604443 , 0.631917 , 4.02326 , 4.1257 , 2228.66 , 2355.84 , 4.81177 , 4.99052 , 42.19 , 43.2659 , 0.0790083 , 0.0616668 , 0.0514586 , 0.0466494 , 0.0445228 , 0.0432798 , 0.0423104 , 0.0414592 , 0.0405098 , 0.0393836 , 0.0383228 , 0.0375758 , 0.037212 , 0
-1379.97 , -21.8157 , 0.0205626 , 0.0242553 , 0.955182 , 2.1069 , 5767.2 , 10365.8 , 2.43979 , 7.91608 , -0.9215 , 2.42272 , 2237.27 , 4.57566 , 54.0084 , -1686.7 , 406.376 , -24.3869 , 0.6463 , 0.0136617 , 0.0116221 , 0.0460661 , 0.034304 , 0.939736 , 0.0365303 , 2.13711 , 0.222585 , 5510.19 , 5632.84 , 10128 , 10149.6 , 2.62707 , 2.67942 , 9.12799 , 9.5542 , -0.611939 , 0.64166 , 3.98643 , 4.09988 , 2278.57 , 2389.77 , 4.82421 , 5.00152 , 42.3272 , 43.4314 , 0.0456745 , 0.0368523 , 0.0320602 , 0.0295661 , 0.0275387 , 0.0255774 , 0.0240697 , 0.0231638 , 0.0226229 , 0.0221984 , 0.0218387 , 0.0216038 , 0.0214878 , 0
-1249.04 , -21.9208 , 0.0146383 , 0.0201979 , 0.965164 , 2.36374 , 3893.13 , 9095.11 , 3.46594 , 13.94 , -1.05218 , 2.37828 , 1893.07 , 2.40564 , 62.53 , -1624.18 , 406.208 , -24.408 , 0.620966 , 0.0131575 , 0.0112907 , 0.0445823 , 0.0345873 , 0.941724 , 0.0365076 , 2.14191 , 0.226098 , 5482.94 , 5612.33 , 10105.2 , 10128.6 , 2.64213 , 2.69778 , 9.22955 , 9.68795 , -0.635689 , 0.669033 , 3.87197 , 3.99212 , 2256.2 , 2369.34 , 4.78331 , 4.97761 , 42.6011 , 43.8026 , 0.0715407 , 0.0592735 , 0.0519264 , 0.0481162 , 0.0454975 , 0.0430046 , 0.0408027 , 0.0391061 , 0.037688 , 0.0363168 , 0.0350723 , 0.0341383 , 0.0335469 , 0
-1446.64 , -22.5367 , 0.032235 , 0.0343603 , 0.933405 , 2.15925 , 5092.55 , 9969.41 , 2.74014 , 9.48879 , -0.940077 , 2.4742 , 1893.07 , 3.89265 , 36.2038 , -1601.99 , 384.482 , -24.4513 , 0.538775 , 0.0133738 , 0.011598 , 0.0448178 , 0.0344968 , 0.941273 , 0.0365379 , 2.1484 , 0.224169 , 5443.58 , 5573.03 , 10084.2 , 10107.4 , 2.66116 , 2.71538 , 9.32444 , 9.76893 , -0.65368 , 0.687997 , 3.79152 , 3.92137 , 2245.87 , 2360.51 , 4.6946 , 4.88767 , 42.4916 , 43.7085 , 0.044693 , 0.0337934 , 0.0273548 , 0.0245964 , 0.0240317 , 0.0242986 , 0.0243497 , 0.0238469 , 0.0230942 , 0.0224654 , 0.0220978 , 0.0219413 , 0.0218561 , 0
-1220.91 , -22.2921 , -0 , 0.0699991 , 0.930001 , 2.56924 , 5936.15 , 10444.2 , 2.35359 , 7.51999 , -1.05498 , 2.0988 , 1936.1 , 4.61906 , 33.9826 , -1559.64 , 381.764 , -24.4619 , 0.56862 , 0.0133738 , 0.011598 , 0.0410433 , 0.0250901 , 0.945047 , 0.0296565 , 2.17358 , 0.234432 , 5389.66 , 5508.7 , 10058.8 , 10080.2 , 2.67638 , 2.72747 , 9.39434 , 9.81637 , -0.672249 , 0.709859 , 3.73794 , 3.88336 , 2173.59 , 2271.9 , 4.62735 , 4.81196 , 42.8443 , 43.9465 , 0.0561106 , 0.0394623 , 0.0298659 , 0.0264911 , 0.0269028 , 0.028673 , 0.0300754 , 0.0303739 , 0.0297502 , 0.0288054 , 0.028125 , 0.0279546 , 0.0280286 , 0
-1209.36 , -21.8376 , 0.0267947 , 0.0292515 , 0.943954 , 2.05635 , 5758.39 , 10351.5 , 2.42677 , 7.87252 , -0.998338 , 2.24057 , 2151.22 , 4.51975 , 42.0895 , -1281.49 , 96.4379 , -24.2654 , 0.529501 , 0.0144456 , 0.0115506 , 0.0422133 , 0.0237975 , 0.942805 , 0.0274543 , 2.16418 , 0.234232 , 5342.02 , 5453.47 , 10032.3 , 10052.1 , 2.68714 , 2.7365 , 9.45074 , 9.85746 , -0.69456 , 0.732122 , 3.63897 , 3.79369 , 2066.89 , 2101.86 , 4.56164 , 4.73846 , 43.6251 , 44.5172 , 0.0496874 , 0.0381688 , 0.0318978 , 0.0292518 , 0.0278338 , 0.0265434 , 0.0254366 , 0.0247035 , 0.024302 , 0.0240666 , 0.0239282 , 0.0239603 , 0.0241343 , 0
-1488.95 , -21.9507 , 0.0361716 , 0.0382246 , 0.925604 , 2.20473 , 5505.28 , 10219.2 , 2.54832 , 8.46867 , -1.07136 , 2.12966 , 2151.22 , 3.72646 , 35.5366 , -1341.47 , 127.279 , -24.2702 , 0.515745 , 0.0155435 , 0.0122385 , 0.0420679 , 0.0238104 , 0.941853 , 0.027621 , 2.15561 , 0.228608 , 5312.73 , 5421.84 , 10016.6 , 10035.8 , 2.69832 , 2.74633 , 9.50614 , 9.90107 , -0.714037 , 0.753825 , 3.57569 , 3.74465 , 2037.64 , 2066.53 , 4.484 , 4.66087 , 43.1237 , 44.0438 , 0.0558777 , 0.0429328 , 0.0357863 , 0.0328034 , 0.0315424 , 0.0305966 , 0.0296037 , 0.0286063 , 0.0277856 , 0.0272991 , 0.0271117 , 0.0270352 , 0.0268828 , 0
69.9872 , -21.2907 , 0.0107293 , 0.0491816 , 0.940089 , 2.03565 , 4533.21 , 9604.85 , 3.06318 , 11.3296 , -0.934375 , 2.57216 , 1979.12 , 3.42663 , 43.3226 , -1059.18 , 575.945 , -24.2816 , 0.597483 , 0.0156717 , 0.0121704 , 0.0433062 , 0.0233384 , 0.940486 , 0.0268176 , 2.12902 , 0.200645 , 5278.18 , 5390.12 , 9995.66 , 10015.2 , 2.71873 , 2.76712 , 9.61801 , 10.0127 , -0.721879 , 0.762476 , 3.55465 , 3.72869 , 2025.59 , 2054.08 , 4.42926 , 4.61233 , 43.1078 , 44.0282 , 0.0470815 , 0.0348079 , 0.0272823 , 0.0237504 , 0.022614 , 0.022724 , 0.0233024 , 0.0237562 , 0.0237739 , 0.023464 , 0.0232376 , 0.023325 , 0.0235353 , 0
-100.667 , -21.198 , 0.00738671 , 0.015737 , 0.976876 , 2.36924 , 3972.8 , 9197.14 , 3.47923 , 13.9217 , -1.08796 , 2.2827 , 1979.12 , 2.19487 , 41.5415 , -789.981 , 642.626 , -24.2683 , 0.619661 , 0.0154577 , 0.0122668 , 0.042705 , 0.0238419 , 0.941302 , 0.0275905 , 2.13698 , 0.205998 , 5205.82 , 5324.24 , 9949.23 , 9969.79 , 2.76159 , 2.81234 , 9.86376 , 10.2755 , -0.738036 , 0.781025 , 3.51542 , 3.6994 , 2020.43 , 2048.94 , 4.31796 , 4.52497 , 43.1631 , 44.0795 , 0.066786 , 0.0489383 , 0.0380629 , 0.0334524 , 0.0326292 , 0.0334259 , 0.03437 , 0.0346216 , 0.0341256 , 0.0334566 , 0.0331068 , 0.0330433 , 0.0329456 , 0
-1357.5 , -21.3179 , 0.0323674 , 0.0312762 , 0.936356 , 2.02551 , 6473.09 , 10737.1 , 2.21107 , 6.80575 , -0.853567 , 2.4973 , 2710.54 , 5.16532 , 29.6181 , -817.298 , 662.946 , -24.2545 , 0.61473 , 0.0167524 , 0.0122751 , 0.0425416 , 0.0239055 , 0.94017 , 0.0271873 , 2.13624 , 0.206361 , 5270.68 , 5392.77 , 9985.96 , 10007.6 , 2.73523 , 2.78842 , 9.72761 , 10.1622 , -0.750957 , 0.792392 , 3.43716 , 3.62513 , 2049.68 , 2082.15 , 4.36483 , 4.57216 , 42.2614 , 43.2349 , 0.0290916 , 0.0203094 , 0.0159854 , 0.0147274 , 0.014744 , 0.0150791 , 0.015267 , 0.015004 , 0.0144102 , 0.0139061 , 0.0137482 , 0.013911 , 0.014217 , 0
-1463.75 , -20.9217 , 0.0273949 , 0.0549256 , 0.91768 , 2.25482 , 5626.44 , 10273.2 , 2.4724 , 8.10832 , -1.03219 , 2.19086 , 1979.12 , 4.24349 , 30.972 , -925.041 , 651.375 , -24.2247 , 0.678303 , 0.0172989 , 0.0124316 , 0.0428707 , 0.0240169 , 0.93983 , 0.0274123 , 2.16182 , 0.177871 , 5340.32 , 5453.84 , 10032.5 , 10052.5 , 2.69355 , 2.74331 , 9.48394 , 9.89108 , -0.771248 , 0.812084 , 3.33564 , 3.52691 , 2061.73 , 2092.7 , 4.41517 , 4.61178 , 41.6499 , 42.6852 , 0.050384 , 0.0371193 , 0.0294428 , 0.0264856 , 0.0261292 , 0.0264786 , 0.0265893 , 0.0263066 , 0.0258307 , 0.0254586 , 0.0253517 , 0.0253862 , 0.0252971 , 0
-1531.68 , -20.9967 , 0.0314248 , 0.0664059 , 0.902169 , 2.25257 , 6148.96 , 10532.2 , 2.23816 , 7.00826 , -1.43223 , 1.51451 , 1634.93 , 4.38144 , 40.3651 , -1011.7 , 639.327 , -24.1976 , 0.691271 , 0.0181803 , 0.0126193 , 0.0441636 , 0.0243763 , 0.937656 , 0.0281476 , 2.18351 , 0.152791 , 5426.71 , 5533.56 , 10086 , 10104.9 , 2.6454 , 2.69301 , 9.21626 , 9.60678 , -0.80791 , 0.854923 , 3.20497 , 3.40829 , 2065.17 , 2095.32 , 4.46757 , 4.65393 , 41.1267 , 42.1064 , 0.106105 , 0.0734573 , 0.0544941 , 0.0484396 , 0.0504336 , 0.0545537 , 0.0567215 , 0.0559546 , 0.0536929 , 0.0519795 , 0.0518175 , 0.0526794 , 0.0534039 , 0
-703.191 , -20.4 , -0 , 0.0414663 , 0.958534 , 1.72692 , 4255.35 , 9422.09 , 3.2829 , 12.6265 , -0.998754 , 2.44446 , 2151.22 , 2.61677 , 40.3179 , -973.139 , 606.677 , -23.8413 , 0.88262 , 0.016866 , 0.0127328 , 0.0433592 , 0.0241188 , 0.939775 , 0.0276413 , 2.16764 , 0.176886 , 5398.81 , 5510.29 , 10068.4 , 10088.2 , 2.66573 , 2.71578 , 9.33238 , 9.74092 , -0.823392 , 0.869383 , 3.15007 , 3.35748 , 2073.78 , 2103.69 , 4.39058 , 4.59434 , 41.1879 , 42.1639 , 0.0518944 , 0.0395655 , 0.0323187 , 0.0289499 , 0.0274794 , 0.0268233 , 0.0265864 , 0.0264573 , 0.0261356 , 0.0256427 , 0.0252505 , 0.0250796 , 0.0250169 , 0
-870.703 , -19.7214 , 0.0176605 , 0.0361357 , 0.946204 , 1.59558 , 4360.37 , 9513.03 , 3.2393 , 12.3072 , -1.06675 , 2.27428 , 2194.24 , 2.58587 , 30.5194 , -961.758 , 572.886 , -23.7635 , 0.977758 , 0.016429 , 0.0125086 , 0.0428108 , 0.024121 , 0.94076 , 0.0274129 , 2.14446 , 0.209379 , 5391.2 , 5504.14 , 10064.5 , 10084.4 , 2.67361 , 2.72488 , 9.37577 , 9.79318 , -0.839839 , 0.885525 , 3.09482 , 3.30832 , 2087.54 , 2116.89 , 4.34223 , 4.56063 , 40.2289 , 41.1857 , 0.0521821 , 0.0387183 , 0.0311314 , 0.0280165 , 0.0275637 , 0.0280802 , 0.0282886 , 0.0278852 , 0.0270105 , 0.0261168 , 0.0257092 , 0.0257285 , 0.0258864 , 0
-1423.93 , -16.7001 , 0.0358734 , 0.0379829 , 0.926144 , 2.15978 , 6157.48 , 10585.1 , 2.31919 , 7.30864 , -2.09303 , 1.02133 , 2280.29 , 3.74735 , 28.3476 , -999.274 , 307.965 , -19.7449 , 2.80952 , 0.0169028 , 0.0130021 , 0.0422712 , 0.024072 , 0.940826 , 0.0273757 , 2.15012 , 0.207798 , 5368.6 , 5477.64 , 10055.5 , 10074.8 , 2.68347 , 2.73281 , 9.41833 , 9.82259 , -0.904718 , 0.97494 , 2.95608 , 3.19068 , 2077.22 , 2105.1 , 4.22723 , 4.42797 , 40.1874 , 41.1566 , 0.170946 , 0.1166 , 0.0887541 , 0.0813433 , 0.0837523 , 0.0877263 , 0.0892432 , 0.0881503 , 0.0861819 , 0.0845422 , 0.0835911 , 0.0834099 , 0.0838182 , 0
-1200.9 , -16.956 , -0 , 0.0235171 , 0.976483 , 2.56768 , 5081.98 , 9949.08 , 2.72008 , 9.41143 , -2.19943 , 1.07222 , 1936.1 , 3.1843 , 33.1612 , -1049.68 , 280.631 , -19.606 , 2.72683 , 0.0169028 , 0.0130021 , 0.042439 , 0.0239257 , 0.940658 , 0.0271429 , 2.15315 , 0.213234 , 5408 , 5510.55 , 10084.9 , 10102.7 , 2.66333 , 2.71081 , 9.29551 , 9.68474 , -0.970802 , 1.06397 , 2.81746 , 3.06639 , 2094.43 , 2119.12 , 4.20113 , 4.40723 , 39.3097 , 40.2044 , 0.231541 , 0.170765 , 0.133427 , 0.11662 , 0.112667 , 0.114687 , 0.117859 , 0.119647 , 0.119657 , 0.118642 , 0.117275 , 0.115792 , 0.114343 , 0
-493.239 , -17.7556 , 0.0110889 , 0.0364851 , 0.952426 , 2.03664 , 4246.41 , 9410.57 , 3.28005 , 12.635 , -1.93659 , 1.28045 , 2237.27 , 2.36871 , 40.0621 , -1039.36 , 396.751 , -18.4528 , 1.56752 , 0.0162956 , 0.0129046 , 0.0415619 , 0.0237252 , 0.942143 , 0.0267281 , 2.14397 , 0.213114 , 5371.58 , 5479.38 , 10062.5 , 10081.3 , 2.68912 , 2.73881 , 9.44093 , 9.84583 , -1.02463 , 1.12609 , 2.71166 , 2.97523 , 2116.8 , 2139.69 , 4.09519 , 4.31754 , 39.3448 , 40.239 , 0.194238 , 0.141694 , 0.112714 , 0.102519 , 0.101025 , 0.101791 , 0.102049 , 0.100647 , 0.0976961 , 0.0946065 , 0.0929979 , 0.0932699 , 0.0946161 , 0
-287.548 , -17.5509 , 0.0141772 , 0.049522 , 0.936301 , 1.91584 , 4463.43 , 9577.4 , 3.14855 , 11.7979 , -1.56689 , 1.55118 , 2065.17 , 2.40137 , 39.973 , -851.403 , 473.325 , -18.3905 , 1.4881 , 0.0168627 , 0.0124805 , 0.0388912 , 0.0183007 , 0.944246 , 0.0239741 , 2.1328 , 0.217417 , 5258.57 , 5356.82 , 10004.1 , 10021.4 , 2.73889 , 2.78435 , 9.69089 , 10.0636 , -1.06685 , 1.1644 , 2.61451 , 2.88351 , 2073.78 , 2086.7 , 3.91495 , 4.11867 , 39.9687 , 40.7348 , 0.12318 , 0.0873789 , 0.0669394 , 0.059396 , 0.0586702 , 0.0603754 , 0.0623496 , 0.0635836 , 0.063764 , 0.0631279 , 0.0620448 , 0.0608334 , 0.0599364 , 0
43.011 , -18.6076 , -0 , 0.0244659 , 0.975534 , 2.14318 , 5059.36 , 9963.21 , 2.78067 , 9.69023 , -1.5261 , 1.54094 , 2108.2 , 3.33466 , 36.534 , -672.521 , 554.279 , -18.4961 , 1.43094 , 0.016017 , 0.0128721 , 0.0390103 , 0.0181964 , 0.944973 , 0.0246272 , 2.13269 , 0.217411 , 5283.31 , 5378.72 , 10020.7 , 10037.6 , 2.72471 , 2.76924 , 9.60865 , 9.97564 , -1.10725 , 1.1993 , 2.48853 , 2.74401 , 2075.5 , 2088.42 , 3.89666 , 4.10281 , 39.9237 , 40.6938 , 0.111282 , 0.0819372 , 0.0672084 , 0.0629497 , 0.0617221 , 0.0596668 , 0.057168 , 0.0556193 , 0.0550905 , 0.0547251 , 0.0540593 , 0.0533767 , 0.0531443 , 0
198.103 , -18.5267 , 0.00763849 , 0.0185466 , 0.973815 , 2.25734 , 4798.33 , 9871.94 , 3.05793 , 11.0959 , -1.23584 , 1.92321 , 2194.24 , 2.85315 , 48.531 , -527.417 , 601.08 , -18.6038 , 1.44936 , 0.015876 , 0.0129435 , 0.0377515 , 0.0184778 , 0.946373 , 0.025225 , 2.13439 , 0.21821 , 5322.16 , 5409.77 , 10054.5 , 10069.3 , 2.70762 , 2.74897 , 9.48821 , 9.82232 , -1.13771 , 1.22083 , 2.35338 , 2.55991 , 2104.75 , 2113.88 , 3.88641 , 4.09536 , 39.6625 , 40.36 , 0.0766444 , 0.0491947 , 0.0363046 , 0.0348713 , 0.037802 , 0.0402161 , 0.0407159 , 0.0398127 , 0.0384315 , 0.0373099 , 0.036875 , 0.0371739 , 0.0378224 , 0
-1375.94 , -18.4596 , 0.0296424 , 0.0619451 , 0.908413 , 2.23199 , 6138.25 , 10553.7 , 2.28872 , 7.20274 , -1.57817 , 1.39381 , 1936.1 , 4.13248 , 28.0777 , -519.418 , 589.301 , -19.1069 , 1.33154 , 0.0170617 , 0.0127917 , 0.0388828 , 0.0190498 , 0.944055 , 0.025935 , 2.14039 , 0.218748 , 5343.52 , 5432.91 , 10065.6 , 10080.8 , 2.69898 , 2.74143 , 9.44672 , 9.78965 , -1.18348 , 1.25798 , 2.20238 , 2.35843 , 2099.59 , 2108.99 , 3.8462 , 4.0496 , 39.1039 , 39.8718 , 0.105678 , 0.0724178 , 0.0559723 , 0.0529216 , 0.0552591 , 0.0566247 , 0.0555053 , 0.0536694 , 0.0527532 , 0.0526713 , 0.0525924 , 0.0521874 , 0.0518467 , 0
-1512.1 , -18.2171 , -0 , 0.0553202 , 0.94468 , 2.63247 , 6697.05 , 10802.1 , 2.08368 , 6.29454 , -1.57611 , 1.31545 , 2022.15 , 4.50738 , 26.4337 , -571.285 , 656.824 , -19.247 , 1.1983 , 0.0164963 , 0.013214 , 0.0404555 , 0.0187161 , 0.943048 , 0.0253966 , 2.1638 , 0.237995 , 5300.04 , 5374.65 , 10050.2 , 10063.9 , 2.71247 , 2.75084 , 9.49967 , 9.82006 , -1.2224 , 1.29125 , 2.12584 , 2.2835 , 2087.54 , 2096.54 , 3.75177 , 3.91473 , 38.7948 , 39.6363 , 0.10236 , 0.0704076 , 0.0533629 , 0.0481391 , 0.0485782 , 0.0498857 , 0.0504495 , 0.0505971 , 0.050715 , 0.0507389 , 0.0506856 , 0.0507394 , 0.0509984 , 0
-1833.03 , -18.2589 , 0.0395948 , 0.0344559 , 0.925949 , 2.5709 , 6390.98 , 10653.8 , 2.16658 , 6.66886 , -1.66126 , 1.25708 , 2108.2 , 4.39532 , 31.7195 , -751.534 , 751.482 , -19.3697 , 1.07808 , 0.0171432 , 0.0139145 , 0.039683 , 0.0185485 , 0.943174 , 0.0253038 , 2.18495 , 0.24946 , 5274.99 , 5343.32 , 10040.2 , 10053.2 , 2.72154 , 2.7576 , 9.53765 , 9.84399 , -1.27346 , 1.33109 , 1.96219 , 2.03306 , 2080.66 , 2089.32 , 3.63669 , 3.73929 , 38.3038 , 39.1645 , 0.11219 , 0.0838789 , 0.0682015 , 0.0617174 , 0.0594683 , 0.0582296 , 0.0571576 , 0.0563405 , 0.0555386 , 0.0546854 , 0.0542448 , 0.0544055 , 0.0548172 , 0
-1917.86 , -17.9229 , 0.030878 , 0.0676521 , 0.90147 , 2.27698 , 5825.82 , 10384.2 , 2.39544 , 7.72084 , -1.54728 , 1.43757 , 2280.29 , 3.97506 , 39.4816 , -897.324 , 801.822 , -19.4588 , 1.01053 , 0.0183783 , 0.0137069 , 0.0423891 , 0.0174649 , 0.939233 , 0.0237729 , 2.19979 , 0.24339 , 5341.34 , 5405.01 , 10082.6 , 10094.8 , 2.68599 , 2.72074 , 9.33749 , 9.63389 , -1.29971 , 1.35492 , 1.90934 , 1.97777 , 2090.99 , 2099.93 , 3.67652 , 3.77615 , 38.2124 , 39.0695 , 0.113767 , 0.0891996 , 0.0765541 , 0.0716372 , 0.0689722 , 0.0663021 , 0.0638472 , 0.0618006 , 0.0599405 , 0.0584403 , 0.0575863 , 0.0570435 , 0.0563461 , 0
-1437.05 , -17.915 , 0.0218085 , 0.0523545 , 0.925837 , 2.77134 , 4488.85 , 9538.07 , 3.02543 , 11.187 , -1.62627 , 1.49821 , 1979.12 , 3.00835 , 43.5917 , -957.294 , 774.76 , -19.5369 , 0.939367 , 0.0192507 , 0.0131938 , 0.0419881 , 0.0171129 , 0.938761 , 0.0239166 , 2.22504 , 0.267443 , 5312.1 , 5378.68 , 10061.3 , 10074 , 2.69873 , 2.73413 , 9.41395 , 9.71475 , -1.33058 , 1.38289 , 1.86132 , 1.92614 , 2084.1 , 2093.14 , 3.63455 , 3.73668 , 38.314 , 39.1794 , 0.15174 , 0.1211 , 0.102392 , 0.0925686 , 0.0866441 , 0.0822368 , 0.0789965 , 0.0767884 , 0.0752753 , 0.074314 , 0.0739995 , 0.0741597 , 0.0742099 , 0
-478.071 , -18.0924 , 0.0173198 , 0.0568083 , 0.925872 , 2.34432 , 6396.46 , 10677.2 , 2.19369 , 6.7699 , -1.51482 , 1.43055 , 2108.2 , 4.37322 , 33.3829 , -909.371 , 748.931 , -19.612 , 0.865543 , 0.0186155 , 0.0128857 , 0.0412189 , 0.0159583 , 0.940166 , 0.0220118 , 2.22516 , 0.267497 , 5322.69 , 5391 , 10067.6 , 10080.7 , 2.69683 , 2.73259 , 9.40386 , 9.70758 , -1.34024 , 1.3926 , 1.8497 , 1.91662 , 2085.82 , 2094.86 , 3.6254 , 3.72566 , 38.0121 , 38.8921 , 0.104961 , 0.0773737 , 0.0636957 , 0.0597192 , 0.0587073 , 0.0570436 , 0.054683 , 0.0525231 , 0.0509123 , 0.0498325 , 0.0493109 , 0.0493757 , 0.0498155 , 0
-1460.84 , -17.4117 , 0.0283578 , 0.0818366 , 0.889805 , 2.04594 , 4196.37 , 9340.83 , 3.24971 , 12.5329 , -1.3698 , 1.80281 , 1591.9 , 2.83193 , 43.5291 , -1085.97 , 750.745 , -20.2861 , 0.700988 , 0.0189273 , 0.0130226 , 0.0435222 , 0.0174311 , 0.937551 , 0.0238769 , 2.22272 , 0.268838 , 5259.86 , 5332.62 , 10026.6 , 10040.5 , 2.72923 , 2.76611 , 9.58853 , 9.90018 , -1.35817 , 1.40727 , 1.8249 , 1.88908 , 2060.01 , 2071.13 , 3.55565 , 3.65567 , 37.593 , 38.3629 , 0.111964 , 0.0810597 , 0.0616268 , 0.0534428 , 0.0526923 , 0.0550626 , 0.0575254 , 0.0588077 , 0.0588523 , 0.0580238 , 0.0568801 , 0.0560338 , 0.0557131 , 0
-1316.73 , -14.7963 , 0.0215302 , -0 , 0.97847 , 2.05126 , 4500.65 , 9553.64 , 3.03187 , 11.2044 , -1.27731 , 1.89451 , 1893.07 , 3.0912 , 41.2853 , -1109.05 , 715.576 , -20.1967 , 1.08417 , 0.019203 , 0.0130018 , 0.0427142 , 0.0188997 , 0.938083 , 0.0246232 , 2.21022 , 0.269255 , 5284.16 , 5351.71 , 10045 , 10057.5 , 2.71187 , 2.74564 , 9.4791 , 9.76023 , -1.36718 , 1.4147 , 1.80555 , 1.86707 , 2060.01 , 2071.13 , 3.58307 , 3.67622 , 36.7432 , 37.1953 , 0.0887688 , 0.069003 , 0.0564052 , 0.0499179 , 0.0471814 , 0.0462824 , 0.0460746 , 0.0459958 , 0.0458353 , 0.0455494 , 0.0452077 , 0.0448885 , 0.0445036 , 0
-1394.6 , -12.4088 , 0.0412198 , 0.0754214 , 0.883359 , 2.05789 , 7401.59 , 11110.4 , 1.92046 , 5.58154 , -1.46813 , 1.37289 , 2667.51 , 4.94866 , 34.8468 , -1252.81 , 605.649 , -20.0216 , 1.60172 , 0.0195624 , 0.0134727 , 0.0443567 , 0.019862 , 0.936081 , 0.0268553 , 2.20617 , 0.270751 , 5376.52 , 5458.46 , 10090.6 , 10105.3 , 2.67908 , 2.71767 , 9.32281 , 9.63882 , -1.3883 , 1.43257 , 1.7615 , 1.82112 , 2090.99 , 2104.96 , 3.62531 , 3.72667 , 36.6889 , 37.1434 , 0.0868712 , 0.0603463 , 0.0462975 , 0.0404315 , 0.0387968 , 0.0396246 , 0.0419271 , 0.044289 , 0.0454053 , 0.0451703 , 0.0443374 , 0.0434437 , 0.0426529 , 0
-1128.24 , -9.98424 , -0 , 0.0592009 , 0.940799 , 2.37641 , 4910.34 , 9919.58 , 2.95002 , 10.5307 , -1.15806 , 2.03238 , 2323.32 , 3.19255 , 31.3077 , -1385.45 , 374.508 , -19.7683 , 2.24059 , 0.0195624 , 0.0134727 , 0.0439248 , 0.019412 , 0.936513 , 0.0268408 , 2.19845 , 0.262931 , 5335.49 , 5417.54 , 10069.6 , 10084.1 , 2.70294 , 2.74085 , 9.44324 , 9.75093 , -1.39242 , 1.43575 , 1.75884 , 1.81811 , 2106.47 , 2120.57 , 3.56825 , 3.66638 , 36.5819 , 37.0493 , 0.0568478 , 0.0391848 , 0.0303216 , 0.0276016 , 0.0270107 , 0.0268305 , 0.0270959 , 0.0278186 , 0.0284442 , 0.0285428 , 0.0282924 , 0.0280742 , 0.0279907 , 0
-1445.45 , -15.8806 , 0.0410798 , 0.0311161 , 0.927804 , 2.04033 , 5793.5 , 10389.1 , 2.44625 , 7.93593 , -2.23108 , 1.012 , 2366.34 , 3.50138 , 41.1081 , -1445.45 , 0 , -14.4578 , 4.21648 , 0.0201338 , 0.0140576 , 0.0439993 , 0.019359 , 0.935867 , 0.0268483 , 2.19781 , 0.263296 , 5336.89 , 5419.04 , 10071.1 , 10085.6 , 2.70372 , 2.74154 , 9.44578 , 9.75299 , -1.44173 , 1.49017 , 1.7097 , 1.7736 , 2115.08 , 2129.72 , 3.52752 , 3.62155 , 36.5427 , 37.0052 , 0.235219 , 0.174674 , 0.141119 , 0.125766 , 0.118415 , 0.114981 , 0.113409 , 0.111929 , 0.110465 , 0.110165 , 0.111916 , 0.115343 , 0.118647 , 0
-1787.49 , -16.3396 , 0.033517 , 0.0565852 , 0.909898 , 2.7346 , 4547.91 , 9579.33 , 2.9852 , 10.9556 , -2.22707 , 1.13304 , 1936.1 , 2.79122 , 50.8522 , -1616.47 , 171.022 , -14.9525 , 3.58032 , 0.0200276 , 0.0139456 , 0.0447338 , 0.0194739 , 0.935239 , 0.0272617 , 2.21901 , 0.283548 , 5298.6 , 5383.4 , 10045.6 , 10060.5 , 2.72119 , 2.75912 , 9.54526 , 9.85155 , -1.48796 , 1.54049 , 1.66984 , 1.73655 , 2106.47 , 2121.45 , 3.49011 , 3.58773 , 37.1553 , 37.7135 , 0.292276 , 0.228836 , 0.188959 , 0.168373 , 0.157456 , 0.149919 , 0.143737 , 0.138963 , 0.136219 , 0.135979 , 0.138026 , 0.140974 , 0.143207 , 0
-1189.22 , -16.8229 , 0.0302221 , 0.0304925 , 0.939285 , 2.21687 , 5438.52 , 10180.6 , 2.57854 , 8.62452 , -2.08172 , 1.12173 , 2194.24 , 3.39387 , 36.2592 , -1474.05 , 245.082 , -15.4042 , 2.99965 , 0.0208073 , 0.0139489 , 0.0439862 , 0.0196468 , 0.935206 , 0.0272564 , 2.22626 , 0.281073 , 5334.81 , 5416.83 , 10068.6 , 10083.1 , 2.7018 , 2.73923 , 9.43705 , 9.74135 , -1.53386 , 1.58478 , 1.61182 , 1.67371 , 2115.08 , 2129.89 , 3.4888 , 3.58648 , 36.8727 , 37.4142 , 0.224731 , 0.173366 , 0.144809 , 0.132589 , 0.126825 , 0.122046 , 0.117097 , 0.112514 , 0.109087 , 0.107728 , 0.108691 , 0.110566 , 0.111354 , 0
-1058.55 , -16.9334 , -0 , 0.0680274 , 0.931973 , 2.12181 , 5985.18 , 10479.5 , 2.34911 , 7.48267 , -1.60948 , 1.39414 , 1850.05 , 3.81488 , 40.3228 , -1370.18 , 278.243 , -15.7971 , 2.50122 , 0.0205118 , 0.0143037 , 0.0460778 , 0.0193085 , 0.93341 , 0.0258969 , 2.21636 , 0.280219 , 5415.31 , 5490.32 , 10119.9 , 10133 , 2.6566 , 2.69071 , 9.17949 , 9.45415 , -1.55472 , 1.60243 , 1.57628 , 1.6342 , 2109.92 , 2125.25 , 3.5536 , 3.64037 , 36.824 , 37.3608 , 0.130647 , 0.0986373 , 0.0816446 , 0.0756876 , 0.0743795 , 0.0731236 , 0.0704311 , 0.0672187 , 0.0645733 , 0.0628385 , 0.0621101 , 0.0623899 , 0.0632436 , 0
55.4507 , -17.1461 , 0.0107229 , 0.0353767 , 0.9539 , 2.01732 , 6612.6 , 10782.7 , 2.13448 , 6.4942 , -1.76674 , 1.18869 , 2323.32 , 4.30559 , 27.463 , -1085.05 , 622.192 , -16.6904 , 1.50566 , 0.019646 , 0.0142147 , 0.0462418 , 0.0191992 , 0.934112 , 0.0262031 , 2.21603 , 0.280447 , 5420.89 , 5496.97 , 10121.7 , 10135 , 2.65354 , 2.68824 , 9.16703 , 9.44538 , -1.59124 , 1.63202 , 1.52393 , 1.57406 , 2094.43 , 2106.82 , 3.51921 , 3.59536 , 36.7378 , 37.2949 , 0.124732 , 0.0880396 , 0.0698648 , 0.064855 , 0.0648559 , 0.0649824 , 0.0641419 , 0.0630034 , 0.0623188 , 0.0619767 , 0.0616348 , 0.0613175 , 0.0611223 , 0
-105.224 , -17.2249 , -0 , 0.0365229 , 0.963477 , 2.11641 , 5504.72 , 10256.7 , 2.61301 , 8.7328 , -1.55905 , 1.4423 , 2366.34 , 3.09935 , 34.7031 , -921.748 , 675.236 , -16.9029 , 1.31236 , 0.0185503 , 0.0146251 , 0.0455057 , 0.0192049 , 0.935944 , 0.0265883 , 2.21049 , 0.280992 , 5416.02 , 5492.04 , 10121 , 10134.3 , 2.65916 , 2.69355 , 9.19201 , 9.46762 , -1.61232 , 1.64867 , 1.49399 , 1.53912 , 2109.92 , 2122.74 , 3.47344 , 3.54832 , 36.887 , 37.4261 , 0.0953313 , 0.0659516 , 0.0516654 , 0.0479591 , 0.0483665 , 0.0494911 , 0.0503371 , 0.0504964 , 0.0497678 , 0.0484971 , 0.0474485 , 0.0469449 , 0.0467151 , 0
-847.541 , -16.2078 , -0 , 0.0361119 , 0.963888 , 2.22073 , 4965.35 , 9868.72 , 2.76918 , 9.68975 , -1.93016 , 1.17819 , 2108.2 , 3.18468 , 37.0981 , -911.147 , 625.687 , -17.4733 , 1.03453 , 0.0172933 , 0.0148138 , 0.044294 , 0.0187994 , 0.938413 , 0.0262002 , 2.20922 , 0.280871 , 5368.67 , 5443.92 , 10094.5 , 10107.6 , 2.6804 , 2.71322 , 9.29927 , 9.56174 , -1.63224 , 1.66886 , 1.48054 , 1.5273 , 2128.85 , 2139.36 , 3.42557 , 3.49691 , 36.7564 , 37.2906 , 0.176076 , 0.13706 , 0.115797 , 0.107205 , 0.103604 , 0.101175 , 0.0990469 , 0.0968278 , 0.0941886 , 0.0915752 , 0.0899266 , 0.0892643 , 0.0885635 , 0
-992.985 , -16.2456 , -0 , 0.0452995 , 0.9547 , 2.17402 , 6064.64 , 10468.7 , 2.23983 , 7.03079 , -2.11003 , 1.06363 , 1979.12 , 3.95048 , 59.6827 , -921.377 , 585.902 , -17.5327 , 1.00659 , 0.0172933 , 0.0148138 , 0.0444473 , 0.0187913 , 0.938259 , 0.026093 , 2.2271 , 0.263275 , 5441.04 , 5512.09 , 10136.4 , 10148.7 , 2.63868 , 2.67042 , 9.07544 , 9.32883 , -1.67669 , 1.70976 , 1.4253 , 1.4625 , 2121.96 , 2132.71 , 3.47892 , 3.54665 , 37.5309 , 38.3151 , 0.298428 , 0.254658 , 0.227536 , 0.211184 , 0.198998 , 0.187782 , 0.177446 , 0.16851 , 0.16072 , 0.153925 , 0.148586 , 0.144779 , 0.141907 , 0
-1039.43 , -15.966 , -0 , 0.0461468 , 0.953853 , 2.15646 , 5911.24 , 10433.9 , 2.36822 , 7.58469 , -1.81505 , 1.20017 , 2108.2 , 3.90425 , 29.3616 , -585.946 , 465.241 , -17.9838 , 0.703183 , 0.0165868 , 0.0151956 , 0.0448477 , 0.0187165 , 0.938565 , 0.0262288 , 2.24954 , 0.230341 , 5503.08 , 5569.59 , 10173.2 , 10184.8 , 2.60384 , 2.63358 , 8.88654 , 9.12521 , -1.70662 , 1.7348 , 1.38234 , 1.41054 , 2118.52 , 2129.23 , 3.53165 , 3.59457 , 37.4846 , 38.2789 , 0.135656 , 0.0962398 , 0.0747936 , 0.0676788 , 0.0677615 , 0.0695324 , 0.0702419 , 0.069204 , 0.067221 , 0.0658061 , 0.0659076 , 0.0670882 , 0.0680272 , 0
-1462.72 , -15.8402 , -0 , 0.0670796 , 0.93292 , 2.75889 , 5181.88 , 10016.7 , 2.67888 , 9.18271 , -2.23314 , 1.01233 , 1936.1 , 3.21404 , 47.8782 , -732.076 , 535.858 , -17.9941 , 0.702843 , 0.0151519 , 0.0149991 , 0.0460116 , 0.019153 , 0.938836 , 0.0261339 , 2.2735 , 0.250076 , 5464.06 , 5529.72 , 10150.5 , 10161.8 , 2.61822 , 2.6472 , 8.9615 , 9.1927 , -1.71222 , 1.74177 , 1.38198 , 1.41028 , 2104.75 , 2115.56 , 3.51032 , 3.57386 , 38.2659 , 39.049 , 0.273186 , 0.192122 , 0.143199 , 0.124316 , 0.124576 , 0.132951 , 0.141126 , 0.144315 , 0.142184 , 0.137658 , 0.134071 , 0.133047 , 0.134238 , 0
-215.293 , -15.7337 , 0.00758096 , 0.0165127 , 0.975906 , 2.65323 , 5335.25 , 10075.4 , 2.55164 , 8.56284 , -2.02162 , 1.13939 , 1247.71 , 3.49845 , 72.9644 , -658.25 , 528.039 , -17.9952 , 0.710576 , 0.0154551 , 0.0147645 , 0.0457314 , 0.0195276 , 0.938813 , 0.0261009 , 2.27693 , 0.254622 , 5474.19 , 5539.26 , 10155.5 , 10166.8 , 2.61149 , 2.64048 , 8.92756 , 9.15946 , -1.70511 , 1.73313 , 1.38467 , 1.41238 , 2077.22 , 2094.74 , 3.52289 , 3.58559 , 39.858 , 41.1557 , 0.303297 , 0.219809 , 0.163043 , 0.134907 , 0.129912 , 0.138484 , 0.150594 , 0.15895 , 0.160454 , 0.156308 , 0.150364 , 0.146308 , 0.145773 , 0
-94.635 , -15.1073 , 0.0129511 , 0.0297807 , 0.957268 , 2.64433 , 5247.51 , 10050.7 , 2.63684 , 8.96905 , -2.03328 , 1.13033 , 1548.88 , 3.3628 , 60.8039 , -679.691 , 500.977 , -17.9753 , 0.77646 , 0.0155296 , 0.014747 , 0.0454633 , 0.019698 , 0.939007 , 0.0262189 , 2.30123 , 0.259483 , 5514.23 , 5573.47 , 10181.1 , 10191.2 , 2.58576 , 2.6115 , 8.78093 , 8.98486 , -1.70898 , 1.73756 , 1.37866 , 1.40725 , 2049.68 , 2069.7 , 3.56265 , 3.61723 , 40.6877 , 42.1601 , 0.272359 , 0.189912 , 0.138955 , 0.120209 , 0.123719 , 0.135775 , 0.145473 , 0.148004 , 0.144003 , 0.137186 , 0.131666 , 0.129805 , 0.131483 , 0
84.5138 , -15.1475 , 0.0125416 , 0.0368027 , 0.950656 , 2.13088 , 5353.22 , 10129.2 , 2.61643 , 8.82489 , -1.61945 , 1.39899 , 2022.15 , 3.57034 , 37.2214 , -652.585 , 535.284 , -17.9555 , 0.79803 , 0.0154642 , 0.0147565 , 0.0449545 , 0.0197508 , 0.939581 , 0.0263104 , 2.30984 , 0.249955 , 5549.82 , 5604.72 , 10203.2 , 10212.6 , 2.56447 , 2.5879 , 8.662 , 8.84733 , -1.71108 , 1.73948 , 1.37257 , 1.40085 , 2047.96 , 2068 , 3.60941 , 3.65562 , 40.5776 , 42.0592 , 0.119561 , 0.0866949 , 0.0693771 , 0.0642827 , 0.0646142 , 0.0654854 , 0.0652664 , 0.0639922 , 0.0618912 , 0.0595918 , 0.0582017 , 0.0582094 , 0.0589258 , 0
-209.026 , -15.2971 , -0 , 0.0486269 , 0.951373 , 2.08019 , 4919.06 , 9918.66 , 2.9319 , 10.4434 , -1.61823 , 1.46907 , 2237.27 , 2.61321 , 45.4363 , -597.14 , 521.758 , -17.9392 , 0.802473 , 0.0154642 , 0.0147565 , 0.0459209 , 0.0193108 , 0.938615 , 0.0254 , 2.30732 , 0.251932 , 5544.21 , 5599.73 , 10201.4 , 10210.8 , 2.57052 , 2.59457 , 8.69213 , 8.88154 , -1.71477 , 1.74281 , 1.3697 , 1.39776 , 2053.12 , 2073.42 , 3.58055 , 3.63207 , 40.9337 , 42.4048 , 0.123502 , 0.085569 , 0.0664642 , 0.0611364 , 0.0611879 , 0.0623137 , 0.0637584 , 0.0650161 , 0.0647527 , 0.0626493 , 0.0601816 , 0.0587967 , 0.0587357 , 0
-32.7311 , -15.3383 , 0.0129972 , 0.0374724 , 0.94953 , 2.16266 , 5717.28 , 10327.6 , 2.44415 , 7.9596 , -2.06658 , 1.03927 , 2022.15 , 3.64291 , 38.1063 , -534.428 , 522.921 , -17.9198 , 0.812346 , 0.0156786 , 0.01468 , 0.046678 , 0.01858 , 0.937643 , 0.024483 , 2.30353 , 0.253362 , 5580.97 , 5634.13 , 10219.6 , 10228.8 , 2.54597 , 2.5684 , 8.56667 , 8.74592 , -1.74799 , 1.77401 , 1.33434 , 1.35978 , 2046.24 , 2066.41 , 3.61214 , 3.66021 , 40.5167 , 41.9767 , 0.199176 , 0.143651 , 0.111842 , 0.0997596 , 0.0987979 , 0.101772 , 0.104084 , 0.103741 , 0.100856 , 0.0969685 , 0.0942359 , 0.0938568 , 0.0953719 , 0
-958.147 , -15.3622 , 0.0138585 , 0.0415445 , 0.944597 , 2.63495 , 4337.82 , 9413.43 , 3.09468 , 11.6343 , -2.04382 , 1.13563 , 1979.12 , 2.69281 , 50.1293 , -576.8 , 512.113 , -17.8862 , 0.82133 , 0.0150472 , 0.0144026 , 0.0458619 , 0.018338 , 0.939091 , 0.0237714 , 2.31965 , 0.261001 , 5508.95 , 5566.78 , 10174 , 10184.2 , 2.57821 , 2.60197 , 8.74394 , 8.93478 , -1.76662 , 1.79293 , 1.32401 , 1.35014 , 2047.96 , 2068.04 , 3.55456 , 3.60612 , 41.3988 , 42.7905 , 0.229642 , 0.185625 , 0.158519 , 0.144928 , 0.13849 , 0.135233 , 0.133233 , 0.131035 , 0.127773 , 0.123889 , 0.120634 , 0.118606 , 0.117226 , 0
-1616.98 , -15.2362 , 0.030531 , 0.108523 , 0.860946 , 2.38047 , 6103.39 , 10466.7 , 2.18891 , 6.82589 , -2.35819 , 0.984093 , 1807.02 , 3.87453 , 45.675 , -671.362 , 572.572 , -17.8339 , 0.831504 , 0.0162684 , 0.0143693 , 0.04799 , 0.022028 , 0.935741 , 0.028229 , 2.30957 , 0.253482 , 5485.21 , 5539.41 , 10160.6 , 10170.2 , 2.58242 , 2.60542 , 8.76519 , 8.95037 , -1.7979 , 1.82693 , 1.31076 , 1.3388 , 2039.36 , 2060.06 , 3.52924 , 3.57658 , 42.1684 , 43.4341 , 0.344957 , 0.282391 , 0.240028 , 0.214583 , 0.20089 , 0.194532 , 0.191895 , 0.189923 , 0.186674 , 0.181559 , 0.175825 , 0.171482 , 0.169353 , 0
-1794.92 , -15.3287 , 0.0417816 , -0 , 0.958218 , 2.20615 , 4345.65 , 9391.71 , 3.03619 , 11.3414 , -2.09675 , 1.18708 , 1376.78 , 2.76506 , 58.7241 , -757.488 , 657.542 , -17.781 , 0.818562 , 0.0163559 , 0.0145169 , 0.0466118 , 0.0238354 , 0.937032 , 0.0284883 , 2.29498 , 0.248468 , 5403.39 , 5459.55 , 10110.1 , 10120.3 , 2.6172 , 2.63993 , 8.9521 , 9.13648 , -1.81532 , 1.84476 , 1.30796 , 1.33624 , 2010.1 , 2035.16 , 3.46403 , 3.5107 , 43.2486 , 44.5446 , 0.330693 , 0.268853 , 0.22337 , 0.193335 , 0.175665 , 0.167305 , 0.164641 , 0.164297 , 0.164066 , 0.163152 , 0.161946 , 0.161309 , 0.161952 , 0
-942.748 , -15.1097 , 0.0191033 , 0.0393196 , 0.941577 , 2.18611 , 4176.49 , 9311.89 , 3.24098 , 12.5031 , -2.07049 , 1.20261 , 2065.17 , 2.5208 , 36.7256 , -752.921 , 656.063 , -17.716 , 0.819997 , 0.0158849 , 0.0142262 , 0.0454785 , 0.0234789 , 0.938637 , 0.0275545 , 2.29134 , 0.249368 , 5337.42 , 5398.77 , 10067.2 , 10078.5 , 2.65102 , 2.67579 , 9.14338 , 9.3458 , -1.83625 , 1.86517 , 1.29856 , 1.32693 , 2001.49 , 2025.95 , 3.40586 , 3.45646 , 43.1384 , 44.4502 , 0.22994 , 0.181042 , 0.150396 , 0.135032 , 0.128431 , 0.12609 , 0.125202 , 0.123648 , 0.120653 , 0.117151 , 0.114404 , 0.112736 , 0.111912 , 0
-1211.58 , -14.9575 , -0 , 0.0297904 , 0.97021 , 2.50509 , 3969.82 , 9128.83 , 3.34558 , 13.2376 , -2.02838 , 1.21963 , 1333.76 , 2.32167 , 49.4052 , -791.142 , 640.796 , -17.6329 , 0.793685 , 0.0150126 , 0.0145022 , 0.044576 , 0.0236305 , 0.940411 , 0.0280966 , 2.28069 , 0.233843 , 5316.66 , 5382.48 , 10050.9 , 10063.3 , 2.66383 , 2.69099 , 9.22541 , 9.45237 , -1.85234 , 1.88086 , 1.28742 , 1.31546 , 1975.68 , 2004.73 , 3.37839 , 3.43522 , 43.3709 , 44.6928 , 0.263417 , 0.20352 , 0.164077 , 0.145295 , 0.141277 , 0.144155 , 0.147173 , 0.146996 , 0.143607 , 0.138699 , 0.134214 , 0.131366 , 0.130271 , 0
-1259.16 , -16.4264 , 0.0249492 , 0.0587769 , 0.916274 , 2.27037 , 5568.35 , 10216.9 , 2.45638 , 8.06205 , -2.01143 , 1.1112 , 1720.98 , 3.42473 , 40.175 , -827.143 , 628.162 , -17.4164 , 0.44455 , 0.0153178 , 0.0146273 , 0.0446547 , 0.0236744 , 0.940028 , 0.0283571 , 2.27773 , 0.233487 , 5283.53 , 5345.54 , 10032.5 , 10044.2 , 2.67434 , 2.70005 , 9.27709 , 9.49283 , -1.8722 , 1.89939 , 1.27464 , 1.30307 , 1960.19 , 1989.89 , 3.34045 , 3.39188 , 43.6426 , 44.9158 , 0.206792 , 0.161635 , 0.134444 , 0.122021 , 0.117996 , 0.116465 , 0.113955 , 0.110157 , 0.106716 , 0.104817 , 0.10412 , 0.103668 , 0.102802 , 0
-1456.88 , -15.8391 , 0.0333307 , 0.0431043 , 0.923565 , 2.43684 , 7430.86 , 11048.7 , 1.80638 , 5.20867 , -2.26485 , 0.90222 , 2151.22 , 4.44686 , 50.6478 , -872.125 , 626.662 , -17.4005 , 0.489236 , 0.0155167 , 0.0148356 , 0.0431054 , 0.0224248 , 0.941378 , 0.026688 , 2.29337 , 0.23051 , 5412.91 , 5484.45 , 10100.8 , 10113.3 , 2.6166 , 2.64545 , 8.98413 , 9.215 , -1.908 , 1.93334 , 1.23862 , 1.26512 , 1982.56 , 2010.82 , 3.40505 , 3.4605 , 43.9273 , 45.2133 , 0.296398 , 0.241486 , 0.208088 , 0.189466 , 0.179142 , 0.171498 , 0.163254 , 0.154207 , 0.146517 , 0.141709 , 0.139169 , 0.137686 , 0.136757 , 0
-2121.74 , -17.0987 , -0 , 0.0584334 , 0.941567 , 2.05238 , 4037.01 , 9260.42 , 3.45309 , 13.7051 , -1.9498 , 1.28505 , 2108.2 , 1.97808 , 43.5592 , -1420.27 , 384.635 , -17.6508 , 0.64474 , 0.0146555 , 0.0150844 , 0.0454427 , 0.0207962 , 0.939902 , 0.0255937 , 2.29342 , 0.230463 , 5394.37 , 5469.99 , 10089 , 10102.4 , 2.63345 , 2.66602 , 9.08415 , 9.34921 , -1.9349 , 1.95566 , 1.21424 , 1.23411 , 1991.17 , 2019.36 , 3.36053 , 3.42773 , 44.0183 , 45.2986 , 0.205357 , 0.155104 , 0.1272 , 0.117028 , 0.115053 , 0.114406 , 0.112141 , 0.10805 , 0.103409 , 0.100247 , 0.0997207 , 0.100669 , 0.100831 , 0
-2413.75 , -17.1673 , -0 , 0.120373 , 0.879627 , 2.03366 , 6028.52 , 10509.2 , 2.34706 , 7.45904 , -1.71946 , 1.2691 , 2323.32 , 3.91013 , 34.1647 , -1602.22 , 459.912 , -17.6934 , 0.682496 , 0.0130067 , 0.0143243 , 0.0472408 , 0.0248572 , 0.939753 , 0.0259317 , 2.29245 , 0.2315 , 5339.44 , 5402.15 , 10065 , 10076.6 , 2.65052 , 2.67964 , 9.15925 , 9.40144 , -1.94496 , 1.96384 , 1.21009 , 1.22966 , 1977.4 , 2002.28 , 3.31899 , 3.37362 , 43.991 , 45.2778 , 0.130107 , 0.093069 , 0.073777 , 0.0682006 , 0.0690317 , 0.0705404 , 0.0701427 , 0.0678524 , 0.065032 , 0.0631178 , 0.062576 , 0.062707 , 0.0627304 , 0
230.722 , -25.7414 , 0.00718045 , 0.0304922 , 0.95664 , 1.99551 , 4086.93 , 9205.47 , 3.23118 , 12.504 , -0.526334 , 4.73905 , 1075.61 , 3.68948 , 88.0727 , 230.722 , 0 , -28.4057 , 1.6472 , 0.0130723 , 0.0125368 , 0.0433352 , 0.0262831 , 0.943065 , 0.0304707 , 2.02056 , 0.277142 , 5815.66 , 5969.41 , 10296.7 , 10324.6 , 2.55114 , 2.60566 , 8.70142 , 9.16637 , -1.04092 , 1.07393 , 2.31704 , 2.43623 , 2700.21 , 2882.81 , 4.09516 , 4.22022 , 43.7009 , 47.3973 , 0.0292746 , 0.026265 , 0.0238931 , 0.0218487 , 0.0200039 , 0.0184151 , 0.0170884 , 0.0159985 , 0.0151403 , 0.0144878 , 0.0140015 , 0.0136582 , 0.0134382 , 0
-8.86608 , -26.0517 , 0.0143149 , -0 , 0.985685 , 1.8691 , 5619.47 , 10285.2 , 2.5008 , 8.21209 , -0.420196 , 5.36943 , 2538.44 , 5.66703 , 76.4487 , 110.928 , 119.794 , -28.5047 , 1.55616 , 0.0136449 , 0.0122503 , 0.0433352 , 0.0262831 , 0.942493 , 0.0295149 , 2.01388 , 0.278696 , 5756.98 , 5906.64 , 10267.3 , 10294.3 , 2.56909 , 2.62129 , 8.78668 , 9.2326 , -1.01227 , 1.05296 , 2.45942 , 2.63769 , 2681.28 , 2864.53 , 4.11961 , 4.25117 , 45.7066 , 49.5237 , 0.013227 , 0.0112906 , 0.0100069 , 0.00901336 , 0.00813061 , 0.00740094 , 0.00683853 , 0.0064087 , 0.00610383 , 0.00592812 , 0.00585241 , 0.00584958 , 0.00591869 , 0
-730.446 , -30.1875 , 0.0243043 , 0.0339579 , 0.941738 , 2.01316 , 6648.48 , 10770.2 , 2.08056 , 6.2884 , -0.427027 , 4.9485 , 2538.44 , 6.77923 , 41.3616 , -169.53 , 408.51 , -30.756 , 1.78251 , 0.0146171 , 0.0120923 , 0.0446935 , 0.0248467 , 0.940162 , 0.0270821 , 2.01455 , 0.278673 , 5824.18 , 5972.35 , 10299.5 , 10326.5 , 2.53492 , 2.5884 , 8.62193 , 9.08241 , -0.999744 , 1.046 , 2.531 , 2.74549 , 2676.12 , 2859.84 , 4.24849 , 4.40506 , 45.41 , 49.253 , 0.00893419 , 0.00713653 , 0.00607503 , 0.00545102 , 0.00503936 , 0.00475262 , 0.00453529 , 0.00435519 , 0.00422699 , 0.00416945 , 0.00416949 , 0.00420572 , 0.00426004 , 0
-958.479 , -30.088 , 0.0149562 , 0.0398883 , 0.945156 , 1.76528 , 4979.7 , 9901.37 , 2.80556 , 9.82912 , -0.35476 , 6.70803 , 1979.12 , 4.927 , 71.6642 , -366.767 , 491.801 , -30.8457 , 1.84264 , 0.0152153 , 0.0117185 , 0.0426839 , 0.0230581 , 0.941574 , 0.026377 , 2.0077 , 0.282584 , 5774.53 , 5925.61 , 10270.2 , 10297.4 , 2.55437 , 2.60758 , 8.72382 , 9.17789 , -0.985527 , 1.03873 , 2.67725 , 2.99418 , 2648.58 , 2837.38 , 4.23618 , 4.39084 , 47.0444 , 50.9248 , 0.00853063 , 0.00720243 , 0.00636165 , 0.00581686 , 0.00540671 , 0.00505822 , 0.00473023 , 0.00442626 , 0.0041825 , 0.00401281 , 0.00390333 , 0.00384116 , 0.00380781 , 0
339.505 , -29.4229 , 0.0115684 , 0.0512931 , 0.937138 , 2.07504 , 5154.88 , 9975.14 , 2.64705 , 9.04286 , -0.370034 , 6.23212 , 1936.1 , 5.63428 , 74.1198 , -449.807 , 565.838 , -32.2607 , 0.871917 , 0.0156781 , 0.0113305 , 0.0423543 , 0.0228729 , 0.941441 , 0.0263906 , 2.01077 , 0.282882 , 5730.1 , 5882.64 , 10243.6 , 10270.8 , 2.56896 , 2.62134 , 8.80028 , 9.24502 , -0.971001 , 1.03099 , 2.80829 , 3.18891 , 2622.77 , 2816.75 , 4.25111 , 4.40933 , 48.8674 , 52.7304 , 0.0113111 , 0.0098367 , 0.0088513 , 0.00816883 , 0.00760867 , 0.0071275 , 0.00672316 , 0.00636301 , 0.00603111 , 0.00574891 , 0.00553886 , 0.00540055 , 0.0053176 , 0
606.26 , -29.7152 , 0.0074681 , 0.0357757 , 0.956756 , 1.51718 , 3924.78 , 9133.84 , 3.46877 , 13.9083 , -0.368911 , 6.70983 , 1548.88 , 3.29465 , 56.5696 , -185.79 , 670.257 , -32.3045 , 0.840686 , 0.0153132 , 0.0114416 , 0.0437853 , 0.0212391 , 0.940375 , 0.0251844 , 1.99132 , 0.298977 , 5728.12 , 5881.31 , 10243.2 , 10270.4 , 2.57268 , 2.62619 , 8.82165 , 9.2765 , -0.948507 , 1.01671 , 2.96934 , 3.41789 , 2612.44 , 2810.6 , 4.27753 , 4.42706 , 48.6961 , 52.5393 , 0.00939077 , 0.00767476 , 0.00657631 , 0.00596032 , 0.00561972 , 0.00541185 , 0.0052136 , 0.00496861 , 0.00473645 , 0.0045953 , 0.00454738 , 0.00455137 , 0.00457524 , 0
-1184.64 , -29.7426 , -0 , 0.0533423 , 0.946658 , 1.96795 , 7574.61 , 11164.1 , 1.86262 , 5.36397 , -0.37125 , 5.31667 , 3226.83 , 7.52133 , 24.7917 , -79.6245 , 788.915 , -32.0518 , 0.949844 , 0.0145065 , 0.011777 , 0.0427559 , 0.0200967 , 0.942211 , 0.0238679 , 1.99133 , 0.298976 , 5820.16 , 5981 , 10286.9 , 10315.5 , 2.54177 , 2.59958 , 8.67902 , 9.16595 , -0.931936 , 1.00724 , 3.06419 , 3.53067 , 2657.19 , 2852.75 , 4.39808 , 4.58791 , 47.4183 , 51.5383 , 0.00519642 , 0.00379674 , 0.0032079 , 0.00302416 , 0.00293908 , 0.00285341 , 0.00274035 , 0.00262313 , 0.00255782 , 0.00255973 , 0.00258809 , 0.00259969 , 0.00259437 , 0
-1516.61 , -29.703 , 0.0341752 , 0.0769013 , 0.888923 , 2.39287 , 7007 , 10939.4 , 1.99813 , 5.91581 , -0.432402 , 4.75323 , 3054.73 , 6.929 , 41.1847 , -438.871 , 924.102 , -32.1105 , 0.950933 , 0.0155588 , 0.0123005 , 0.0448962 , 0.0207591 , 0.939318 , 0.0256981 , 1.994 , 0.30223 , 5944.27 , 6093.16 , 10361 , 10387.1 , 2.48481 , 2.53951 , 8.36816 , 8.82728 , -0.917824 , 0.998671 , 3.12674 , 3.60034 , 2717.42 , 2900.94 , 4.56325 , 4.75981 , 45.7763 , 49.5333 , 0.00957808 , 0.00788182 , 0.0069923 , 0.00643259 , 0.0059607 , 0.00559065 , 0.0053106 , 0.00505146 , 0.00483325 , 0.00470562 , 0.00464142 , 0.00459537 , 0.00456331 , 0
-1652.91 , -29.9955 , -0 , 0.0261754 , 0.973825 , 2.32579 , 5711.52 , 10273.9 , 2.35558 , 7.59308 , -0.466168 , 4.80469 , 1591.9 , 5.95911 , 40.9314 , -681.678 , 958.641 , -32.1682 , 0.933564 , 0.0150967 , 0.0126542 , 0.0448431 , 0.0208052 , 0.939833 , 0.0262497 , 1.9916 , 0.299337 , 5931.08 , 6080.42 , 10353.8 , 10380 , 2.48944 , 2.54369 , 8.39049 , 8.84576 , -0.904744 , 0.990389 , 3.20794 , 3.68481 , 2691.61 , 2883.85 , 4.58812 , 4.78923 , 45.4961 , 49.2813 , 0.0136216 , 0.0113665 , 0.00975846 , 0.00861073 , 0.00779267 , 0.00725884 , 0.00695155 , 0.0067927 , 0.00673382 , 0.00673081 , 0.00672551 , 0.0066881 , 0.00662974 , 0
-1654.38 , -29.0922 , -0 , 0.0505778 , 0.949422 , 1.67368 , 5203.06 , 10114 , 2.81047 , 9.70616 , -0.287702 , 8.08019 , 2796.59 , 4.90741 , 43.9229 , -1080.45 , 860.602 , -32.2057 , 1.00103 , 0.0144848 , 0.012995 , 0.0450346 , 0.020835 , 0.940253 , 0.0263157 , 1.96596 , 0.298014 , 5875.67 , 6026.45 , 10327.5 , 10353.5 , 2.51598 , 2.56943 , 8.51697 , 8.96119 , -0.870219 , 0.96499 , 3.45781 , 4.00687 , 2713.98 , 2903.31 , 4.58843 , 4.78955 , 45.86 , 49.5712 , 0.00378902 , 0.00295094 , 0.00251269 , 0.00227441 , 0.0021166 , 0.00203203 , 0.00199797 , 0.00197359 , 0.00193987 , 0.00189676 , 0.00185359 , 0.00182119 , 0.00180153 , 0
282.231 , -31.3136 , 0.0119279 , 0.0492981 , 0.938774 , 2.20145 , 6503.81 , 10721.2 , 2.15626 , 6.59144 , -0.311512 , 6.8259 , 2667.51 , 7.20525 , 53.0873 , -1145.26 , 734.042 , -32.7772 , 1.32356 , 0.0149619 , 0.0126693 , 0.0458647 , 0.0205733 , 0.938946 , 0.0255334 , 1.97289 , 0.301375 , 5952.43 , 6096.66 , 10372.1 , 10397.2 , 2.4835 , 2.53683 , 8.34696 , 8.79425 , -0.836616 , 0.93917 , 3.6476 , 4.21254 , 2753.56 , 2932.79 , 4.7629 , 4.9692 , 46.1606 , 49.8694 , 0.00539844 , 0.0044941 , 0.00399009 , 0.00368806 , 0.00346117 , 0.00327904 , 0.00312285 , 0.00297702 , 0.00285288 , 0.00276088 , 0.00269475 , 0.00265569 , 0.00263831 , 0
55.7688 , -31.3422 , 0.007713 , 0.0247349 , 0.959946 , 2.2615 , 5421.19 , 10191.9 , 2.62251 , 8.80174 , -0.252676 , 9.08818 , 2237.27 , 6.12485 , 52.7643 , -945.089 , 805.827 , -32.8328 , 1.3668 , 0.0143038 , 0.0126012 , 0.0437925 , 0.0199797 , 0.941372 , 0.0245115 , 1.96676 , 0.293796 , 5955.81 , 6099.65 , 10376.1 , 10401 , 2.48539 , 2.53876 , 8.35258 , 8.79984 , -0.788838 , 0.894891 , 3.94764 , 4.57695 , 2746.68 , 2927.33 , 4.85446 , 5.06014 , 46.4222 , 50.1284 , 0.00346865 , 0.00282566 , 0.00246172 , 0.00226358 , 0.00213717 , 0.00203706 , 0.00194037 , 0.0018436 , 0.00175323 , 0.00168306 , 0.00164722 , 0.00163899 , 0.00163436 , 0
-1280.46 , -31.8846 , 0.0262928 , 0.0678442 , 0.905863 , 2.01739 , 4932.07 , 9843.81 , 2.7806 , 9.75145 , -0.3106 , 7.61704 , 2108.2 , 5.11133 , 72.7546 , -314.155 , 689.51 , -34.3465 , 1.21064 , 0.0153555 , 0.01246 , 0.043681 , 0.0198368 , 0.940432 , 0.025389 , 1.9668 , 0.293803 , 5930.76 , 6078.07 , 10357.4 , 10383 , 2.49162 , 2.54539 , 8.3926 , 8.84181 , -0.757816 , 0.870345 , 4.16914 , 4.80586 , 2720.86 , 2905.81 , 4.90775 , 5.10674 , 47.9351 , 51.7279 , 0.00667778 , 0.00569702 , 0.00504896 , 0.00459142 , 0.0042045 , 0.00387613 , 0.00362197 , 0.00343614 , 0.00330036 , 0.00319892 , 0.00312499 , 0.00307572 , 0.00304635 , 0
-983.696 , -31.9219 , -0 , -0 , 1 , 2.23406 , 7314.29 , 11008.2 , 1.84177 , 5.34212 , -0.442531 , 4.5617 , 2366.34 , 7.36459 , 40.4494 , -481.54 , 663.794 , -34.4125 , 1.20848 , 0.0143162 , 0.0126129 , 0.043681 , 0.0198368 , 0.941471 , 0.0272091 , 1.97403 , 0.298037 , 5927 , 6073.51 , 10352.8 , 10378 , 2.48782 , 2.54257 , 8.3814 , 8.83486 , -0.730616 , 0.845535 , 4.28002 , 4.87858 , 2646.86 , 2820.75 , 4.99693 , 5.21474 , 48.492 , 52.0872 , 0.0105975 , 0.0087461 , 0.00756015 , 0.00673651 , 0.00610858 , 0.00563712 , 0.00529501 , 0.00505554 , 0.00491845 , 0.00487495 , 0.00490559 , 0.00498583 , 0.00507912 , 0
-1456.18 , -32.1023 , 0.0235885 , 0.0278756 , 0.948536 , 1.79876 , 4680.24 , 9668.04 , 2.90704 , 10.4808 , -0.36596 , 6.52322 , 1764 , 4.92555 , 53.9842 , -676.469 , 710.272 , -34.511 , 1.15317 , 0.0144761 , 0.0127037 , 0.0421376 , 0.0195027 , 0.942855 , 0.0266481 , 1.98379 , 0.287979 , 5768.82 , 5897.57 , 10278.6 , 10302.1 , 2.53676 , 2.58637 , 8.61527 , 9.0327 , -0.693202 , 0.807806 , 4.48479 , 5.0422 , 2514.35 , 2655.2 , 4.99095 , 5.209 , 49.7946 , 53.0216 , 0.00881369 , 0.00744912 , 0.00650555 , 0.00585974 , 0.00540126 , 0.00508237 , 0.00485878 , 0.0046786 , 0.00451013 , 0.00435468 , 0.004229 , 0.00414624 , 0.00410716 , 0
1327.53 , -28.6836 , 0.00630545 , 0.0526464 , 0.934309 , 2.07282 , 6948.6 , 10907.4 , 2.00375 , 5.94757 , -0.551859 , 3.76101 , 2581.46 , 6.43073 , 31.525 , 1327.53 , 0 , -32.7052 , 1.11976 , 0.0139343 , 0.0127517 , 0.0418793 , 0.0193182 , 0.943385 , 0.0263389 , 2.0108 , 0.262236 , 5732.81 , 5852.22 , 10258.9 , 10280.7 , 2.53701 , 2.58656 , 8.6263 , 9.0398 , -0.660264 , 0.767512 , 4.57828 , 5.09004 , 2431.74 , 2540.28 , 5.1118 , 5.32192 , 50.1563 , 53.2055 , 0.0126962 , 0.00977201 , 0.00815835 , 0.00734911 , 0.00691857 , 0.00661264 , 0.00638113 , 0.00622535 , 0.00613591 , 0.00612492 , 0.00618845 , 0.00628834 , 0.00638904 , 0
-548.466 , -26.511 , 0.0184357 , 0.0919544 , 0.88961 , 1.92653 , 8270 , 11375.3 , 1.6937 , 4.73741 , -0.58295 , 3.23416 , 3528 , 7.03222 , 26.2703 , 389.534 , 938 , -31.8643 , 1.25471 , 0.0141378 , 0.0127813 , 0.0450671 , 0.020694 , 0.939994 , 0.0275581 , 2.03661 , 0.217023 , 5768.58 , 5899.84 , 10264.5 , 10286.8 , 2.51986 , 2.57388 , 8.56842 , 9.00476 , -0.626305 , 0.721561 , 4.65132 , 5.12324 , 2393.88 , 2479.92 , 5.25859 , 5.4634 , 49.7343 , 52.9548 , 0.0118978 , 0.00883074 , 0.00768705 , 0.00726386 , 0.00696025 , 0.00670836 , 0.00645106 , 0.00615729 , 0.00593724 , 0.00581194 , 0.00572423 , 0.00572012 , 0.00580116 , 0
-910.557 , -26.3218 , 0.0198026 , 0.0779897 , 0.902208 , 1.74202 , 7412.69 , 11104.8 , 1.90492 , 5.52338 , -0.517982 , 3.85976 , 3312.88 , 6.59432 , 38.2715 , -43.83 , 980.903 , -31.7513 , 1.32677 , 0.0149299 , 0.0124909 , 0.0464312 , 0.0216721 , 0.937838 , 0.0283111 , 2.00929 , 0.209267 , 5819.4 , 5957.93 , 10286.4 , 10309.8 , 2.50435 , 2.5612 , 8.50097 , 8.95694 , -0.602805 , 0.694622 , 4.72685 , 5.16605 , 2433.46 , 2524.5 , 5.33652 , 5.54299 , 49.8394 , 53.0281 , 0.0125963 , 0.0099933 , 0.00874303 , 0.00807796 , 0.00752597 , 0.00694922 , 0.00641059 , 0.00605752 , 0.00588755 , 0.00578107 , 0.00571335 , 0.00570202 , 0.00574871 , 0
-1099.36 , -26.2628 , 0.025477 , 0.0589533 , 0.91557 , 1.92657 , 6614.93 , 10800.1 , 2.16066 , 6.57588 , -0.525744 , 4.02774 , 2581.46 , 6.00294 , 31.8273 , -307.712 , 964.64 , -31.6361 , 1.37927 , 0.015949 , 0.0122686 , 0.0472162 , 0.0217559 , 0.936034 , 0.0282355 , 2.009 , 0.209377 , 5803.58 , 5939.81 , 10277.7 , 10300.7 , 2.50644 , 2.56294 , 8.51264 , 8.96532 , -0.587587 , 0.678755 , 4.79733 , 5.2088 , 2381.83 , 2457.62 , 5.36873 , 5.57544 , 50.0062 , 53.1215 , 0.0114911 , 0.00880685 , 0.00749915 , 0.00690244 , 0.00650254 , 0.00612636 , 0.00583376 , 0.00567342 , 0.00561052 , 0.00562866 , 0.00569419 , 0.00574226 , 0.00573855 , 0
-1033.57 , -26.1315 , 0.0219125 , 0.0571374 , 0.92095 , 2.4617 , 4678.6 , 9680.42 , 2.93238 , 10.6024 , -0.610411 , 3.89008 , 1764 , 4.2124 , 70.3383 , -452.884 , 910.342 , -31.507 , 1.41941 , 0.015584 , 0.0119457 , 0.0470406 , 0.0216573 , 0.936574 , 0.0278091 , 2.02578 , 0.227399 , 5795.71 , 5933.48 , 10268.7 , 10292.1 , 2.50404 , 2.56017 , 8.50752 , 8.95923 , -0.575084 , 0.664481 , 4.85106 , 5.24189 , 2333.64 , 2410.78 , 5.4195 , 5.60792 , 51.5693 , 54.5958 , 0.0286451 , 0.0243332 , 0.0213466 , 0.0192818 , 0.0176827 , 0.0163546 , 0.0152723 , 0.0144287 , 0.013776 , 0.0132876 , 0.0129598 , 0.0127845 , 0.0127524 , 0
-39.6519 , -27.3073 , -0 , 0.0439281 , 0.956072 , 1.80709 , 5644.41 , 10305 , 2.50522 , 8.22438 , -0.567643 , 3.99049 , 2495.41 , 5.22856 , 38.5219 , -384.012 , 845.174 , -30.6968 , 1.31047 , 0.0136067 , 0.0101329 , 0.0467661 , 0.0216515 , 0.938826 , 0.0270058 , 2.01691 , 0.231396 , 5722.67 , 5852.21 , 10236 , 10258 , 2.52883 , 2.58134 , 8.61841 , 9.04347 , -0.562087 , 0.650045 , 4.92147 , 5.2835 , 2307.83 , 2380.41 , 5.39543 , 5.58414 , 52.1639 , 54.9334 , 0.0143619 , 0.0114583 , 0.00992925 , 0.00915539 , 0.00861744 , 0.00817754 , 0.00783438 , 0.00760128 , 0.00747939 , 0.00741867 , 0.00734858 , 0.00725583 , 0.00717156 , 0
-116.753 , -27.3026 , -0 , 0.0306055 , 0.969395 , 1.73562 , 5188.92 , 10086.9 , 2.79011 , 9.63595 , -0.488682 , 4.71684 , 2409.37 , 4.38 , 32.4128 , -345.832 , 788.048 , -30.6485 , 1.2944 , 0.0136067 , 0.0101329 , 0.0457269 , 0.0217783 , 0.939865 , 0.0276545 , 2.0116 , 0.236215 , 5719.76 , 5849.6 , 10236.4 , 10258.4 , 2.5339 , 2.58669 , 8.64145 , 9.06725 , -0.54765 , 0.635009 , 5.0017 , 5.3396 , 2316.43 , 2388.72 , 5.40852 , 5.59402 , 51.4918 , 54.4317 , 0.0106792 , 0.00801335 , 0.00653104 , 0.00585535 , 0.00559735 , 0.00550231 , 0.00541934 , 0.00534292 , 0.00531926 , 0.00532542 , 0.0053138 , 0.00528565 , 0.00523787 , 0
237.617 , -27.2983 , 0.010883 , 0.0326251 , 0.956492 , 1.54844 , 5311.8 , 10162.9 , 2.73739 , 9.34018 , -0.521999 , 4.41704 , 2409.37 , 4.64701 , 37.8035 , -272.901 , 761.988 , -30.6032 , 1.2782 , 0.0131933 , 0.0100242 , 0.0441689 , 0.0212605 , 0.941836 , 0.0270052 , 1.98686 , 0.250602 , 5787.59 , 5901.14 , 10289 , 10307 , 2.49674 , 2.54028 , 8.40066 , 8.73313 , -0.51213 , 0.578457 , 5.10589 , 5.40004 , 2340.53 , 2409.89 , 5.50905 , 5.65461 , 49.9813 , 52.8353 , 0.0114321 , 0.00854494 , 0.00707527 , 0.00651391 , 0.00628549 , 0.00607649 , 0.00583204 , 0.00559947 , 0.0054374 , 0.00538516 , 0.00541401 , 0.0054783 , 0.00553953 , 0
103.856 , -27.2004 , 0.00762998 , 0.0229187 , 0.969451 , 1.58876 , 4818.65 , 9864.67 , 3.01096 , 10.8494 , -0.513285 , 4.64534 , 2581.46 , 3.70056 , 44.6422 , -425.861 , 504.775 , -30.5489 , 1.26084 , 0.0125045 , 0.00978842 , 0.0431824 , 0.0216479 , 0.943512 , 0.0273648 , 1.95908 , 0.254656 , 5756.54 , 5873.68 , 10274 , 10292.4 , 2.51877 , 2.56388 , 8.51183 , 8.85273 , -0.47952 , 0.523975 , 5.22329 , 5.46869 , 2362.9 , 2431.16 , 5.48906 , 5.64064 , 49.2567 , 52.0937 , 0.0116124 , 0.00859994 , 0.00706001 , 0.00649008 , 0.00629328 , 0.00616317 , 0.00601404 , 0.0058296 , 0.00563594 , 0.00550524 , 0.00546611 , 0.00548483 , 0.0055218 , 0
-645.424 , -27.1805 , 0.0179854 , 0.0633777 , 0.918637 , 2.0085 , 5838.07 , 10391.3 , 2.39047 , 7.69046 , -0.606722 , 3.68091 , 1979.12 , 5.3911 , 42.938 , -450.257 , 480.883 , -30.4884 , 1.22841 , 0.0124769 , 0.00977189 , 0.0440117 , 0.0220056 , 0.94271 , 0.027785 , 1.95707 , 0.254061 , 5819.55 , 5927.61 , 10315 , 10331.6 , 2.48794 , 2.53029 , 8.33834 , 8.65736 , -0.447814 , 0.459286 , 5.30005 , 5.50675 , 2362.9 , 2431.16 , 5.5864 , 5.71222 , 49.0663 , 51.9278 , 0.0188288 , 0.0146544 , 0.0120423 , 0.0105454 , 0.0096779 , 0.00916109 , 0.00892442 , 0.00889257 , 0.00892434 , 0.00893519 , 0.00892676 , 0.00895558 , 0.00904338 , 0
