-1106.95 , -22.1286 , -0 , 0.0441361 , 0.955864 , 2.18452 , 6400.16 , 10570.1 , 2.02 , 6.1158 , -1.55684 , 1.34175 , 903.512 , 4.63769 , 57.1821 , -1106.95 , 0 , -27.3559 , 6.83677 , 0 , 0 , 0.00176544 , 0.00864888 , 0.0382346 , 0.18731 , 0.0873809 , 0.428077 , 256.006 , 1280.03 , 422.804 , 2114.02 , 0.0807999 , 0.403999 , 0.244632 , 1.22316 , -0.0622737 , 0.311369 , 0.0536699 , 0.268349 , 36.1405 , 180.702 , 0.185508 , 0.927539 , 2.28728 , 11.4364 , 0.191436 , 0.160751 , 0.135936 , 0.116463 , 0.10254 , 0.0939926 , 0.0900097 , 0.0894493 , 0.0911365 , 0.0938045 , 0.0963649 , 0.0981705 , 0.098934 , 0
-963.382 , -22.9268 , 0.0181574 , 0.0157108 , 0.966132 , 2.37488 , 4618.23 , 9536.38 , 2.76938 , 9.8669 , -0.828738 , 2.90278 , 645.366 , 3.84894 , 89.4597 , -1035.17 , 71.7846 , -27.1429 , 6.76791 , 0.000726294 , 0.0035581 , 0.00239388 , 0.00905883 , 0.0768798 , 0.260716 , 0.182376 , 0.619054 , 440.736 , 1578.48 , 804.26 , 2847.24 , 0.191575 , 0.685562 , 0.639308 , 2.32171 , -0.0954233 , 0.352736 , 0.169781 , 0.639575 , 61.9551 , 222.066 , 0.339465 , 1.20536 , 5.86567 , 21.2347 , 0.0723659 , 0.0605118 , 0.0507445 , 0.043205 , 0.0379819 , 0.0350497 , 0.0340289 , 0.0342939 , 0.0352177 , 0.0362516 , 0.0369851 , 0.0372215 , 0.0369701 , 0
-1025.23 , -22.9283 , -0 , 0.016933 , 0.983067 , 2.12645 , 5120.49 , 9903.37 , 2.58321 , 8.77418 , -0.604343 , 3.85887 , 903.512 , 4.78346 , 77.418 , -1031.85 , 58.7988 , -26.9253 , 6.69758 , 0.000726294 , 0.0035581 , 0.0030712 , 0.00947786 , 0.116203 , 0.314702 , 0.267434 , 0.725148 , 645.555 , 1881.59 , 1200.39 , 3468.41 , 0.294904 , 0.858437 , 0.990275 , 2.91029 , -0.119597 , 0.37287 , 0.324136 , 1.00234 , 98.0956 , 286.298 , 0.530804 , 1.53888 , 8.96239 , 26.2803 , 0.0340025 , 0.0285083 , 0.0241086 , 0.0206859 , 0.0182116 , 0.016669 , 0.0159342 , 0.0157975 , 0.0160506 , 0.0164791 , 0.016876 , 0.0171388 , 0.0172542 , 0
-1256.25 , -23.1387 , 0.0337583 , 0.116442 , 0.8498 , 2.5056 , 7176.58 , 10942.6 , 1.85754 , 5.41615 , -0.86701 , 2.35057 , 2065.17 , 5.96419 , 38.6407 , -1087.95 , 109.701 , -26.7146 , 6.61685 , 0.00207663 , 0.00737971 , 0.00772886 , 0.024122 , 0.150195 , 0.344773 , 0.367658 , 0.844576 , 932.619 , 2366.54 , 1638.1 , 4101.15 , 0.369205 , 0.935378 , 1.20692 , 3.10535 , -0.154277 , 0.411218 , 0.418159 , 1.10711 , 180.702 , 502.557 , 0.769371 , 1.94705 , 10.508 , 27.3931 , 0.0383426 , 0.0316183 , 0.0272613 , 0.0244527 , 0.0225772 , 0.0212885 , 0.0204474 , 0.0199276 , 0.0196707 , 0.0195977 , 0.0195408 , 0.0194235 , 0.0192823 , 0
-1215.41 , -22.2571 , 0.0203986 , 0.0465884 , 0.933013 , 2.14843 , 5168.77 , 9960 , 2.59815 , 8.82022 , -0.463381 , 5.13029 , 1850.05 , 4.90434 , 54.4279 , -1113.44 , 110.574 , -26.4696 , 6.5407 , 0.00289257 , 0.00818839 , 0.0095924 , 0.0252272 , 0.187515 , 0.375613 , 0.453596 , 0.909595 , 1139.37 , 2582.47 , 2036.5 , 4559.34 , 0.473131 , 1.07002 , 1.55973 , 3.57142 , -0.172813 , 0.421532 , 0.62337 , 1.50947 , 254.704 , 624.076 , 0.965545 , 2.18017 , 12.6851 , 29.4767 , 0.0131095 , 0.0110391 , 0.00963626 , 0.00868095 , 0.00795897 , 0.00741771 , 0.00708236 , 0.00692681 , 0.00687441 , 0.00686232 , 0.0068615 , 0.00684774 , 0.00679004 , 0
-1387.91 , -21.8993 , -0 , 0.0742272 , 0.925773 , 1.97391 , 6185.5 , 10589.5 , 2.29077 , 7.17858 , -0.290958 , 7.58554 , 3011.71 , 6.897 , 39.7337 , -1159.19 , 143.706 , -26.254 , 6.4915 , 0.00289257 , 0.00818839 , 0.0125615 , 0.0281251 , 0.224546 , 0.400136 , 0.532552 , 0.951501 , 1386.79 , 2863.49 , 2460.08 , 5027.23 , 0.564762 , 1.16398 , 1.84687 , 3.8492 , -0.184451 , 0.425529 , 0.926792 , 2.14012 , 375.173 , 867.344 , 1.24142 , 2.5799 , 14.2745 , 30.5291 , 0.00356168 , 0.00279297 , 0.00237326 , 0.00212033 , 0.0019376 , 0.00181806 , 0.00176026 , 0.0017498 , 0.00176617 , 0.00178971 , 0.00180991 , 0.00182619 , 0.00183644 , 0
-721.418 , -22.3269 , 0.0197485 , 0.0671345 , 0.913117 , 2.37341 , 5938.59 , 10346.5 , 2.194 , 6.88307 , -1.27752 , 1.70404 , 731.415 , 4.61589 , 68.617 , -1096.65 , 202.899 , -20.645 , 3.74818 , 0.00368251 , 0.0088009 , 0.0152469 , 0.0299438 , 0.261071 , 0.419193 , 0.627489 , 1.01022 , 1624.33 , 3100.04 , 2873.94 , 5436.45 , 0.652522 , 1.24394 , 2.1222 , 4.08796 , -0.235552 , 0.496344 , 0.994954 , 2.16709 , 404.429 , 879.594 , 1.42606 , 2.7401 , 17.0192 , 33.4717 , 0.137926 , 0.1102 , 0.0885926 , 0.0736167 , 0.0653262 , 0.0628698 , 0.0644349 , 0.0678902 , 0.0713998 , 0.0736501 , 0.074059 , 0.0728281 , 0.0706489 , 0
-611.454 , -22.9176 , 0.0152209 , 0.0316479 , 0.953131 , 2.37613 , 5366.7 , 10035.8 , 2.43103 , 8.03205 , -1.06916 , 2.14754 , 860.488 , 4.38022 , 71.8002 , -1036 , 248.537 , -20.5561 , 3.57765 , 0.00429135 , 0.0090481 , 0.0165128 , 0.0299414 , 0.299196 , 0.436693 , 0.722534 , 1.05739 , 1839 , 3280.6 , 3275.37 , 5795.15 , 0.749763 , 1.33559 , 2.44348 , 4.39226 , -0.278318 , 0.540445 , 1.08086 , 2.20924 , 438.849 , 896.271 , 1.60127 , 2.87673 , 19.8912 , 36.4221 , 0.103424 , 0.0807739 , 0.0633532 , 0.052089 , 0.0467218 , 0.0459973 , 0.0481279 , 0.0512016 , 0.0536486 , 0.054628 , 0.054061 , 0.0524711 , 0.0506715 , 0
-528.868 , -22.444 , -0 , 0.0465692 , 0.953431 , 2.08156 , 5128.54 , 9942.58 , 2.63403 , 8.99986 , -0.645206 , 3.59999 , 1204.68 , 4.54484 , 80.8853 , -979.653 , 283.387 , -20.4935 , 3.48899 , 0.00429135 , 0.0090481 , 0.0183755 , 0.0303026 , 0.337333 , 0.450319 , 0.805796 , 1.07895 , 2044.14 , 3437.21 , 3673.07 , 6126.82 , 0.855124 , 1.43573 , 2.80347 , 4.74677 , -0.304126 , 0.555637 , 1.22485 , 2.3236 , 487.036 , 928.091 , 1.78306 , 3.01692 , 23.1266 , 39.8531 , 0.0362355 , 0.028418 , 0.0224998 , 0.0185135 , 0.0163523 , 0.0157536 , 0.0162234 , 0.0171887 , 0.0181669 , 0.0188135 , 0.0189782 , 0.0187426 , 0.0183065 , 0
-691.477 , -21.742 , 0.0228439 , 0.0456417 , 0.931514 , 2.21782 , 7839.79 , 11200.9 , 1.72519 , 4.89644 , -0.862747 , 2.24594 , 2323.32 , 6.16766 , 39.4892 , -950.835 , 282.403 , -20.4774 , 3.48595 , 0.0052051 , 0.00969868 , 0.0202012 , 0.0305147 , 0.374594 , 0.459313 , 0.894509 , 1.10002 , 2357.73 , 3777.95 , 4121.11 , 6523.52 , 0.924131 , 1.47661 , 2.99933 , 4.84674 , -0.338636 , 0.581813 , 1.31469 , 2.36662 , 579.969 , 1037.91 , 2.02977 , 3.25936 , 24.7062 , 40.6281 , 0.0394833 , 0.0295858 , 0.0229914 , 0.0189742 , 0.017147 , 0.0170237 , 0.0179408 , 0.0192064 , 0.0202801 , 0.0208205 , 0.0207588 , 0.0203047 , 0.0197326 , 0
-945.062 , -21.0448 , 0.017127 , 0.0438422 , 0.939031 , 1.56987 , 6801.57 , 10817.8 , 2.0054 , 5.96341 , -0.560453 , 3.74888 , 1850.05 , 5.36092 , 46.7382 , -950.31 , 269.265 , -20.5065 , 3.52116 , 0.00589018 , 0.00990942 , 0.0219549 , 0.0305631 , 0.412155 , 0.465498 , 0.957304 , 1.09194 , 2629.8 , 4015.39 , 4553.82 , 6872.94 , 1.00435 , 1.53011 , 3.23787 , 4.99133 , -0.361054 , 0.592512 , 1.46465 , 2.48255 , 653.971 , 1101.89 , 2.24421 , 3.43118 , 26.5757 , 41.6896 , 0.0188715 , 0.0158708 , 0.0137622 , 0.0122505 , 0.0111195 , 0.0102706 , 0.00968037 , 0.00931547 , 0.0091197 , 0.00899891 , 0.00889931 , 0.00883693 , 0.00883221 , 0
-1843.13 , -14.6238 , 0.0198544 , 0.0364364 , 0.943709 , 2.29493 , 3574.58 , 8633.32 , 3.30681 , 13.3753 , -1.86226 , 1.39362 , 473.268 , 2.69351 , 139.231 , -993.091 , 426.631 , -20.8567 , 3.43749 , 0.00668436 , 0.010197 , 0.0234124 , 0.0303494 , 0.449903 , 0.468797 , 1.0491 , 1.10401 , 2772.78 , 4078.54 , 4899.15 , 7086.52 , 1.13662 , 1.66692 , 3.77288 , 5.66297 , -0.435544 , 0.69985 , 1.52039 , 2.49815 , 672.901 , 1105.95 , 2.35195 , 3.47321 , 32.1449 , 50.1341 , 0.615903 , 0.546225 , 0.484077 , 0.42992 , 0.383229 , 0.344353 , 0.314399 , 0.293699 , 0.281157 , 0.275059 , 0.274039 , 0.277076 , 0.28295 , 0
-1866 , -13.3673 , 0.0378476 , 0.120289 , 0.841863 , 2.64133 , 3395.01 , 8485.09 , 3.49652 , 14.6508 , -1.88252 , 1.39134 , 559.317 , 2.26391 , 139.761 , -1074.41 , 514.264 , -20.7971 , 3.54038 , 0.00819826 , 0.011779 , 0.0282239 , 0.0353753 , 0.483578 , 0.465495 , 1.15475 , 1.12474 , 2908.58 , 4134.67 , 5238.56 , 7286.88 , 1.27648 , 1.80767 , 4.35891 , 6.37614 , -0.510845 , 0.794698 , 1.57605 , 2.5136 , 695.274 , 1111.6 , 2.4425 , 3.5026 , 37.7354 , 57.4 , 0.612127 , 0.541246 , 0.47822 , 0.423437 , 0.376683 , 0.33859 , 0.309942 , 0.290565 , 0.279202 , 0.274168 , 0.274038 , 0.277715 , 0.284004 , 0
-1862.08 , -12.9625 , 0.0428688 , 0.0792387 , 0.877893 , 2.70097 , 6022.77 , 10370.7 , 2.12421 , 6.58636 , -2.29006 , 1.02714 , 645.366 , 3.98608 , 97.2445 , -1133.69 , 571.159 , -20.69 , 3.68099 , 0.00991301 , 0.013461 , 0.0313935 , 0.0362437 , 0.518694 , 0.46078 , 1.26279 , 1.13827 , 3149.49 , 4306.56 , 5653.39 , 7576.32 , 1.36145 , 1.85692 , 4.62237 , 6.51079 , -0.602447 , 0.917235 , 1.61713 , 2.52198 , 721.089 , 1119.06 , 2.60195 , 3.59218 , 41.6251 , 60.6054 , 0.619849 , 0.544006 , 0.47965 , 0.425245 , 0.380025 , 0.343946 , 0.317214 , 0.298738 , 0.28688 , 0.280537 , 0.278918 , 0.280968 , 0.285435 , 0
-1855.02 , -13.6697 , 0.0277856 , 0.0452744 , 0.92694 , 2.43939 , 3824.18 , 8879.08 , 3.17216 , 12.4265 , -1.81189 , 1.41292 , 473.268 , 2.69111 , 141.612 , -1213.83 , 584.265 , -20.5919 , 3.77267 , 0.0110244 , 0.0137408 , 0.0332044 , 0.0357576 , 0.555771 , 0.454806 , 1.36037 , 1.13037 , 3302.46 , 4373.95 , 6008.55 , 7781.66 , 1.48834 , 1.96231 , 5.11943 , 6.96901 , -0.674923 , 0.986224 , 1.67365 , 2.53776 , 740.019 , 1123.06 , 2.70959 , 3.63228 , 47.2896 , 66.8967 , 0.589098 , 0.518152 , 0.454438 , 0.398708 , 0.351478 , 0.313655 , 0.285618 , 0.266666 , 0.255633 , 0.251354 , 0.252673 , 0.258259 , 0.266562 , 0
-1842.91 , -14.9709 , 0.0316984 , 0.0436235 , 0.924678 , 2.17284 , 3347.93 , 8476.75 , 3.61252 , 15.3973 , -1.34359 , 1.91318 , 516.293 , 2.59358 , 148.289 , -1276.74 , 585.53 , -20.4785 , 3.81385 , 0.0122924 , 0.0141222 , 0.0349494 , 0.035154 , 0.592758 , 0.44561 , 1.44728 , 1.1057 , 3436.38 , 4424.9 , 6347.62 , 7964.19 , 1.63284 , 2.09109 , 5.73532 , 7.61906 , -0.728666 , 1.02218 , 1.75018 , 2.56645 , 760.671 , 1127.8 , 2.81333 , 3.66913 , 53.2212 , 73.1762 , 0.308209 , 0.268654 , 0.233572 , 0.203449 , 0.178552 , 0.15941 , 0.146108 , 0.137981 , 0.134095 , 0.133588 , 0.135568 , 0.1391 , 0.143352 , 0
-1822.12 , -16.4528 , 0.0463498 , 0.0678734 , 0.885777 , 2.60692 , 3783.95 , 8906.03 , 3.32922 , 13.3238 , -1.49879 , 1.69528 , 645.366 , 2.78808 , 130.281 , -1326.32 , 579.878 , -20.3433 , 3.78474 , 0.0141464 , 0.0153737 , 0.0376643 , 0.0349705 , 0.628189 , 0.43208 , 1.55156 , 1.08706 , 3587.73 , 4489.15 , 6703.86 , 8160.95 , 1.76601 , 2.19454 , 6.26827 , 8.07162 , -0.788618 , 1.06522 , 1.81799 , 2.58875 , 786.486 , 1135.16 , 2.92486 , 3.71126 , 58.4324 , 77.6768 , 0.326486 , 0.283585 , 0.247707 , 0.217669 , 0.192054 , 0.171563 , 0.157194 , 0.148304 , 0.143463 , 0.14189 , 0.143182 , 0.146448 , 0.150554 , 0
-1762.32 , -18.5059 , 0.0293487 , 0.0553845 , 0.915267 , 2.2774 , 6925.49 , 10838 , 1.91908 , 5.66245 , -1.86349 , 1.16108 , 989.561 , 4.58713 , 90.1689 , -1362.65 , 568.118 , -20.2223 , 3.67263 , 0.0153203 , 0.0153692 , 0.0398797 , 0.0342614 , 0.6648 , 0.41577 , 1.64265 , 1.04794 , 3864.75 , 4697.98 , 7137.38 , 8443.91 , 1.84277 , 2.22785 , 6.49477 , 8.15068 , -0.863158 , 1.12854 , 1.86443 , 2.59914 , 826.068 , 1152.28 , 3.10834 , 3.82297 , 62.0392 , 79.7427 , 0.392539 , 0.340734 , 0.298598 , 0.262435 , 0.231282 , 0.206158 , 0.187782 , 0.175782 , 0.169293 , 0.167414 , 0.169462 , 0.174491 , 0.181066 , 0
-1821.88 , -20.2379 , -0 , 0.0611856 , 0.938814 , 2.33533 , 6001.09 , 10371.9 , 2.1559 , 6.71564 , -1.78791 , 1.24029 , 774.439 , 4.26238 , 92.8919 , -1397.98 , 559.379 , -20.1344 , 3.54381 , 0.0153203 , 0.0153692 , 0.0423271 , 0.0335022 , 0.702353 , 0.395953 , 1.73607 , 1.00035 , 4104.8 , 4848.87 , 7552.26 , 8694.98 , 1.929 , 2.26919 , 6.76339 , 8.2606 , -0.934674 , 1.18384 , 1.91404 , 2.61095 , 857.046 , 1162.65 , 3.27884 , 3.91686 , 65.7548 , 81.8783 , 0.358671 , 0.31473 , 0.277732 , 0.245945 , 0.218763 , 0.196674 , 0.180075 , 0.168435 , 0.161022 , 0.157437 , 0.157233 , 0.159575 , 0.163529 , 0
-1862.4 , -21.9834 , -0 , 0.0413104 , 0.95869 , 2.11965 , 4243.44 , 9285.33 , 3.03335 , 11.389 , -0.995508 , 2.46026 , 516.293 , 3.30951 , 139.345 , -1431.15 , 552.141 , -20.1031 , 3.4604 , 0.0153203 , 0.0153692 , 0.0439795 , 0.0323735 , 0.7407 , 0.371759 , 1.82085 , 0.93747 , 4274.54 , 4922.58 , 7923.67 , 8891.08 , 2.05034 , 2.34889 , 7.21895 , 8.56889 , -0.974495 , 1.20046 , 2.01245 , 2.65691 , 877.698 , 1167.22 , 3.41122 , 3.9724 , 71.3287 , 86.4913 , 0.164827 , 0.143235 , 0.124828 , 0.109165 , 0.0958559 , 0.0852759 , 0.0778295 , 0.0732677 , 0.0709838 , 0.0704991 , 0.0714457 , 0.0733655 , 0.0757632 , 0
-1788.35 , -23.3848 , -0 , 0.115174 , 0.884826 , 2.05098 , 4079.49 , 9205.77 , 3.25202 , 12.6293 , -0.858639 , 2.88283 , 602.341 , 3.12722 , 126.51 , -1454.97 , 540.81 , -20.1142 , 3.44298 , 0.0153203 , 0.0153692 , 0.0485865 , 0.033944 , 0.776093 , 0.340349 , 1.90289 , 0.861172 , 4437.72 , 4989.74 , 8291.9 , 9079.71 , 2.18042 , 2.43728 , 7.72412 , 8.93341 , -1.00884 , 1.21268 , 2.12776 , 2.71875 , 901.791 , 1173.42 , 3.53631 , 4.02133 , 76.3891 , 90.1162 , 0.107703 , 0.0929495 , 0.0809008 , 0.0708075 , 0.0621287 , 0.0552055 , 0.0504166 , 0.0476095 , 0.0463225 , 0.0461847 , 0.0469511 , 0.0483207 , 0.049958 , 0
-1684.99 , -24.8861 , 0.0377913 , 0.0294283 , 0.93278 , 1.75107 , 4766.22 , 9708.68 , 2.82093 , 10.0234 , -0.695783 , 3.41992 , 1764 , 4.24968 , 95.0911 , -1469.34 , 526.589 , -20.2018 , 3.55423 , 0.016832 , 0.0156441 , 0.0497636 , 0.0327271 , 0.813404 , 0.302216 , 1.97294 , 0.76993 , 4628.36 , 5079.98 , 8680.25 , 9285.02 , 2.29326 , 2.50172 , 8.12506 , 9.15558 , -1.03667 , 1.22064 , 2.26456 , 2.80347 , 972.351 , 1225.31 , 3.70629 , 4.11017 , 80.1927 , 92.1012 , 0.0513623 , 0.0441604 , 0.0385077 , 0.033833 , 0.0298272 , 0.026689 , 0.0245662 , 0.0233167 , 0.0227176 , 0.0226129 , 0.0228938 , 0.0234423 , 0.0241276 , 0
-1376.39 , -20.1029 , -0 , 0.060395 , 0.939605 , 2.17356 , 5789.65 , 10355.2 , 2.39353 , 7.72023 , -0.714614 , 3.11838 , 1807.02 , 5.07648 , 40.7029 , -1782.3 , 132.373 , -23.6095 , 4.98467 , 0.016832 , 0.0156441 , 0.0521794 , 0.031156 , 0.850989 , 0.253168 , 2.05988 , 0.656616 , 4859.95 , 5210.27 , 9094.46 , 9513.19 , 2.389 , 2.54711 , 8.43387 , 9.28486 , -1.06526 , 1.22898 , 2.3893 , 2.87201 , 1044.63 , 1277.5 , 3.90935 , 4.23371 , 81.8208 , 92.4603 , 0.0295212 , 0.0230837 , 0.018771 , 0.0161909 , 0.0149838 , 0.0147358 , 0.0149573 , 0.0153209 , 0.0156165 , 0.0156761 , 0.0154516 , 0.0150431 , 0.0146075 , 0
-1106.26 , -18.4839 , 0.0221221 , 0.0703971 , 0.907481 , 2.1783 , 5957.06 , 10386 , 2.22645 , 7.00387 , -0.946506 , 2.33499 , 1376.78 , 4.6303 , 45.0738 , -1730.3 , 220.514 , -23.5867 , 5.01847 , 0.0177169 , 0.0152886 , 0.0549953 , 0.0294471 , 0.887288 , 0.18422 , 2.14701 , 0.504371 , 5098.23 , 5344.76 , 9509.9 , 9737.33 , 2.47805 , 2.58574 , 8.71402 , 9.38993 , -1.10312 , 1.24347 , 2.4827 , 2.90973 , 1099.7 , 1306.84 , 4.09456 , 4.33381 , 83.6238 , 92.8987 , 0.0576223 , 0.0469841 , 0.0390979 , 0.0335575 , 0.0301352 , 0.0285358 , 0.0282617 , 0.028746 , 0.029465 , 0.0299632 , 0.0300457 , 0.0297955 , 0.0293411 , 0
-420.861 , -17.2536 , -0 , 0.0307834 , 0.969217 , 2.54895 , 6643.29 , 10691.3 , 1.96415 , 5.87348 , -1.85432 , 1.09451 , 1419.8 , 4.55901 , 39.5176 , -1636.76 , 398.595 , -23.4655 , 5.08937 , 0.0177169 , 0.0152886 , 0.0562266 , 0.0277144 , 0.926056 , 0.0348033 , 2.24897 , 0.257043 , 5363.96 , 5507.43 , 9937.55 , 9969.34 , 2.55662 , 2.61541 , 8.94896 , 9.46313 , -1.17729 , 1.2976 , 2.52648 , 2.91795 , 1156.5 , 1337.33 , 4.27693 , 4.42869 , 85.2045 , 93.2343 , 0.200689 , 0.162425 , 0.134586 , 0.11651 , 0.106911 , 0.10355 , 0.103901 , 0.105361 , 0.105982 , 0.104923 , 0.102383 , 0.0993072 , 0.0968086 , 0
794.103 , -16.6937 , 0.00397902 , 0.0144884 , 0.975204 , 2.65156 , 4797.94 , 9724.25 , 2.78785 , 9.86403 , -0.988269 , 2.40571 , 1462.83 , 3.41236 , 47.3605 , -1448.39 , 736.499 , -23.2797 , 5.15729 , 0.017876 , 0.0151231 , 0.0550407 , 0.0288187 , 0.92683 , 0.0356617 , 2.26765 , 0.268401 , 5299.87 , 5441.88 , 9903.72 , 9934.84 , 2.58733 , 2.64349 , 9.09889 , 9.58888 , -1.15455 , 1.2751 , 2.56904 , 2.94515 , 1178.87 , 1356.98 , 4.22791 , 4.38392 , 84.8116 , 93.0137 , 0.0660158 , 0.0528993 , 0.0434538 , 0.0373328 , 0.0338315 , 0.0323112 , 0.0320887 , 0.0325843 , 0.0333641 , 0.0340186 , 0.0342231 , 0.0339296 , 0.0333832 , 0
-2619.88 , -12.7152 , -0 , 0.0462482 , 0.953752 , 2.27346 , 6496.44 , 10590.9 , 1.95513 , 5.8575 , -4.64934 , 0.285976 , 817.463 , 3.40967 , 58.223 , -945.856 , 1123.97 , -20.659 , 7.2203 , 0.0171497 , 0.0155229 , 0.0562622 , 0.0277532 , 0.926335 , 0.0351954 , 2.26359 , 0.267515 , 5375 , 5518.07 , 9945.9 , 9977.47 , 2.55476 , 2.61422 , 8.93852 , 9.45647 , -1.30737 , 1.56942 , 2.46436 , 2.88793 , 1185.75 , 1360.69 , 4.21034 , 4.36935 , 83.5621 , 92.0165 , 1.75628 , 1.5616 , 1.40292 , 1.27024 , 1.16124 , 1.07396 , 1.00671 , 0.956055 , 0.91862 , 0.891425 , 0.871718 , 0.857288 , 0.846389 , 0
-2439.02 , -14.511 , -0 , 0.0386954 , 0.961305 , 2.37205 , 6521.36 , 10611.7 , 1.95676 , 5.86074 , -3.39738 , 0.613279 , 817.463 , 3.7527 , 68.8008 , -1194.72 , 1167.22 , -20.5222 , 7.24791 , 0.0171497 , 0.0155229 , 0.0571327 , 0.026832 , 0.925464 , 0.0340313 , 2.27342 , 0.266807 , 5431.04 , 5576.87 , 9974.23 , 10006.6 , 2.52971 , 2.59237 , 8.82198 , 9.36586 , -1.41909 , 1.70592 , 2.33454 , 2.7856 , 1182.31 , 1358.51 , 4.16911 , 4.32889 , 83.2175 , 91.7422 , 1.06228 , 0.933399 , 0.825745 , 0.735232 , 0.66156 , 0.603641 , 0.560246 , 0.529441 , 0.509369 , 0.497923 , 0.492614 , 0.491183 , 0.491898 , 0
-920.899 , -19.1133 , -0 , 0.0802753 , 0.919725 , 2.45104 , 7120.95 , 10902.9 , 1.84557 , 5.38548 , -2.08547 , 1.01089 , 1677.95 , 4.55817 , 41.1867 , -1993.27 , 761.864 , -18.5416 , 5.10798 , 0.0157994 , 0.0154877 , 0.0556861 , 0.024466 , 0.928261 , 0.0303747 , 2.27123 , 0.265116 , 5428.81 , 5574.01 , 9972.64 , 10004.8 , 2.52923 , 2.59203 , 8.82075 , 9.36515 , -1.46783 , 1.74758 , 2.28095 , 2.75307 , 1166.82 , 1337 , 4.11287 , 4.25998 , 83.3193 , 91.7865 , 0.246774 , 0.199716 , 0.165928 , 0.14337 , 0.130248 , 0.124184 , 0.123103 , 0.124737 , 0.12708 , 0.128766 , 0.129053 , 0.12783 , 0.125462 , 0
-1147.68 , -18.9725 , -0 , 0.0462203 , 0.95378 , 2.29955 , 5209.73 , 9890.54 , 2.40359 , 7.95111 , -1.34229 , 1.71 , 774.439 , 3.98005 , 56.5655 , -1781.87 , 754.581 , -18.4121 , 4.98742 , 0.0149834 , 0.0157588 , 0.0556713 , 0.0244716 , 0.929092 , 0.0307746 , 2.27728 , 0.263968 , 5430.45 , 5575.54 , 9969.87 , 10002.1 , 2.52145 , 2.58451 , 8.78599 , 9.33397 , -1.50299 , 1.76565 , 2.14414 , 2.57751 , 1123.8 , 1294.08 , 4.0759 , 4.22126 , 83.4048 , 91.8382 , 0.159618 , 0.138327 , 0.120711 , 0.106601 , 0.0956998 , 0.0877423 , 0.0825375 , 0.0796288 , 0.0783281 , 0.0779902 , 0.0781229 , 0.0783813 , 0.0785515 , 0
-1136.28 , -19.4914 , 0.0141443 , 0.0148332 , 0.971022 , 2.85595 , 2865.72 , 7925.31 , 3.94541 , 18.1377 , -1.38514 , 1.8993 , 516.293 , 2.17135 , 85.1911 , -1652.75 , 722.633 , -18.3534 , 4.93042 , 0.0155492 , 0.0154618 , 0.0532956 , 0.0254195 , 0.930902 , 0.0318384 , 2.31256 , 0.279549 , 5297.66 , 5466.69 , 9863.3 , 9902.95 , 2.58763 , 2.66317 , 9.22435 , 9.91064 , -1.54675 , 1.78631 , 1.91669 , 2.11808 , 1023.98 , 1150 , 3.88687 , 4.01308 , 85.2231 , 93.0667 , 0.239894 , 0.211304 , 0.186324 , 0.165665 , 0.149443 , 0.137516 , 0.129515 , 0.124731 , 0.122162 , 0.120764 , 0.119758 , 0.118727 , 0.117521 , 0
-1342.62 , -20.7533 , 0.0257275 , 0.0989604 , 0.875312 , 2.7174 , 5896.57 , 10309.1 , 2.18181 , 6.84212 , -1.31512 , 1.66747 , 903.512 , 4.62637 , 63.1559 , -1601.06 , 669.719 , -18.3803 , 4.93536 , 0.0157884 , 0.0155708 , 0.0545686 , 0.026838 , 0.92939 , 0.0335016 , 2.32632 , 0.290458 , 5295.98 , 5464.87 , 9861.8 , 9901.39 , 2.58714 , 2.66277 , 9.22271 , 9.90951 , -1.54826 , 1.7874 , 1.91523 , 2.11691 , 1030.86 , 1154.88 , 3.88729 , 4.01357 , 85.0047 , 92.9119 , 0.15294 , 0.130695 , 0.11276 , 0.0987414 , 0.0882979 , 0.0811166 , 0.0769577 , 0.0753958 , 0.0755717 , 0.0764423 , 0.0772812 , 0.0777514 , 0.077712 , 0
-1457.04 , -24.5705 , -0 , -0 , 1 , 2.29429 , 4980.81 , 9788.77 , 2.59115 , 8.87 , -0.904651 , 2.60104 , 860.488 , 4.14043 , 64.0899 , -1580.49 , 622.085 , -18.9679 , 5.3291 , 0.0151795 , 0.0158757 , 0.0533027 , 0.0285792 , 0.931265 , 0.0359962 , 2.32305 , 0.290339 , 5280.54 , 5450.24 , 9851.92 , 9891.49 , 2.59355 , 2.6688 , 9.25623 , 9.93805 , -1.54168 , 1.78376 , 1.93337 , 2.13716 , 1030.86 , 1154.88 , 3.8777 , 4.00337 , 84.6963 , 92.6861 , 0.0769909 , 0.0652247 , 0.0555904 , 0.0480412 , 0.0424307 , 0.0386276 , 0.0364782 , 0.0356944 , 0.0358514 , 0.036472 , 0.0371769 , 0.0377767 , 0.0382021 , 0
-1098.38 , -24.9587 , -0 , 0.0231007 , 0.976899 , 1.97603 , 7324.69 , 10996.4 , 1.81398 , 5.24827 , -0.928999 , 2.1709 , 1634.93 , 5.81443 , 50.6656 , -1520.23 , 603.355 , -19.2798 , 5.5114 , 0.0151795 , 0.0158757 , 0.052364 , 0.0291644 , 0.932204 , 0.0368578 , 2.31883 , 0.294556 , 5368.39 , 5549.69 , 9894.08 , 9936.01 , 2.56075 , 2.64132 , 9.10617 , 9.82989 , -1.55303 , 1.78876 , 1.8762 , 2.05854 , 1048.07 , 1175.85 , 3.92848 , 4.06855 , 83.4875 , 91.8242 , 0.0559357 , 0.0446423 , 0.0362119 , 0.0301245 , 0.0263174 , 0.0245443 , 0.0243436 , 0.025143 , 0.0263936 , 0.0276267 , 0.0285429 , 0.0290227 , 0.0290918 , 0
-881.553 , -24.3624 , 0.0203012 , 0.0186641 , 0.961035 , 2.36923 , 7644.05 , 11152.2 , 1.79778 , 5.14344 , -0.622158 , 3.19889 , 2667.51 , 6.62323 , 36.7835 , -1449.26 , 603.221 , -19.6003 , 5.64458 , 0.0150778 , 0.0158344 , 0.0512849 , 0.0298834 , 0.933384 , 0.0372871 , 2.32488 , 0.293973 , 5360.56 , 5538.76 , 9892.13 , 9933.82 , 2.56365 , 2.64326 , 9.11605 , 9.83493 , -1.54341 , 1.78476 , 1.91432 , 2.10835 , 1061.84 , 1204.71 , 3.94671 , 4.09709 , 83.3792 , 91.7793 , 0.0143381 , 0.0111371 , 0.00955761 , 0.00863574 , 0.00786881 , 0.00730937 , 0.00712231 , 0.00719284 , 0.00729548 , 0.0073445 , 0.00737543 , 0.0073821 , 0.00732281 , 0
-1637.65 , -14.7821 , 0.0227702 , 0.0416912 , 0.935539 , 1.99924 , 5170.83 , 9961.38 , 2.59751 , 8.81101 , -0.762007 , 3.05585 , 1204.68 , 4.18067 , 60.0852 , -1637.65 , 0 , -31.4077 , 7.05842 , 0.0153036 , 0.015902 , 0.0511988 , 0.0299078 , 0.933244 , 0.0372723 , 2.34206 , 0.259934 , 5295.33 , 5467.8 , 9857.87 , 9897.92 , 2.58733 , 2.6638 , 9.22995 , 9.92012 , -1.55147 , 1.78775 , 1.8866 , 2.06313 , 1036.03 , 1171.53 , 3.8995 , 4.04174 , 83.9131 , 92.0895 , 0.0448548 , 0.037382 , 0.0315997 , 0.0271617 , 0.0239456 , 0.0219407 , 0.0209846 , 0.020818 , 0.0211516 , 0.0216649 , 0.022142 , 0.022511 , 0.0227215 , 0
-1596.94 , -14.1862 , -0 , 0.113289 , 0.886711 , 2.1311 , 6159.77 , 10474.5 , 2.13424 , 6.59453 , -1.75105 , 1.22996 , 1290.73 , 4.05599 , 63.6541 , -1617.29 , 20.3572 , -30.8723 , 7.52378 , 0.0145094 , 0.0161488 , 0.0542729 , 0.0321017 , 0.930965 , 0.0382918 , 2.3355 , 0.263085 , 5398.74 , 5559.09 , 9931.52 , 9968.76 , 2.54043 , 2.61546 , 8.95872 , 9.64325 , -1.54702 , 1.78325 , 1.88006 , 2.05896 , 1068.73 , 1195.89 , 3.954 , 4.087 , 80.89 , 88.6968 , 0.278782 , 0.242509 , 0.213697 , 0.189778 , 0.169625 , 0.153327 , 0.141167 , 0.133034 , 0.128384 , 0.12642 , 0.126446 , 0.12785 , 0.130052 , 0
-1473.8 , -13.7981 , 0.0359725 , 0.0910305 , 0.872997 , 2.43765 , 6836.24 , 10776.5 , 1.91081 , 5.64641 , -3.41034 , 0.504414 , 1419.8 , 3.84537 , 44.8803 , -1569.46 , 69.6536 , -30.3042 , 7.93792 , 0.0144344 , 0.0160442 , 0.0531026 , 0.0301475 , 0.93221 , 0.0357988 , 2.32736 , 0.256561 , 5536.39 , 5684.35 , 10023.2 , 10056.9 , 2.477 , 2.54905 , 8.59855 , 9.25644 , -1.60813 , 1.87174 , 1.84458 , 2.04256 , 1103.15 , 1224.04 , 4.01725 , 4.13401 , 77.0948 , 84.6544 , 0.770983 , 0.664016 , 0.582005 , 0.516941 , 0.466883 , 0.430139 , 0.405483 , 0.390814 , 0.383012 , 0.379281 , 0.377866 , 0.377635 , 0.377679 , 0
712.403 , -13.2063 , 0.00729672 , 0.024206 , 0.961553 , 2.46459 , 7355.22 , 11050 , 1.87084 , 5.43481 , -5.28431 , 0.426318 , 2409.37 , 3.40874 , 35.7465 , 712.403 , 0 , -30.8975 , 5.72028 , 0.00981273 , 0.0104233 , 0.0397575 , 0.0286683 , 0.949952 , 0.0327731 , 2.34541 , 0.197463 , 5588.91 , 5767.58 , 10034.1 , 10077.7 , 2.50027 , 2.59356 , 8.8168 , 9.71317 , -1.90465 , 2.23175 , 1.56048 , 1.73846 , 1440.46 , 1581.92 , 3.87531 , 4.04832 , 55.5746 , 57.7269 , 1.15078 , 0.796684 , 0.629537 , 0.606679 , 0.64056 , 0.657783 , 0.636057 , 0.596789 , 0.573738 , 0.578025 , 0.59197 , 0.593584 , 0.579579 , 0
728.804 , -11.8298 , 0.00555746 , 0.0322578 , 0.962185 , 2.30554 , 5104.03 , 9930.06 , 2.6448 , 9.07359 , -4.50323 , 0.596925 , 1505.85 , 2.40935 , 51.603 , 720.603 , 8.20084 , -30.3045 , 6.44907 , 0.010035 , 0.0102697 , 0.0391979 , 0.0286727 , 0.950289 , 0.0328538 , 2.3467 , 0.197096 , 5533.21 , 5711.29 , 10007.6 , 10050.8 , 2.52786 , 2.61791 , 8.94544 , 9.81154 , -1.89881 , 2.21973 , 1.57292 , 1.74162 , 1467.99 , 1602.01 , 3.8353 , 4.01946 , 55.3098 , 57.4745 , 1.21244 , 0.868211 , 0.679609 , 0.631812 , 0.650496 , 0.663809 , 0.646932 , 0.618332 , 0.6055 , 0.614799 , 0.629229 , 0.630788 , 0.618716 , 0
730.731 , -11.6943 , 0.00485201 , 0.0290355 , 0.966112 , 2.39463 , 4464.08 , 9506.39 , 3.01242 , 11.1491 , -4.49705 , 0.624791 , 1376.78 , 2.12884 , 45.6686 , 723.979 , 8.22369 , -29.7176 , 7.06235 , 0.0102291 , 0.0101231 , 0.0388115 , 0.0287419 , 0.950482 , 0.0329317 , 2.3476 , 0.197261 , 5450.92 , 5631.59 , 9963.42 , 10006.4 , 2.57008 , 2.65768 , 9.15698 , 9.99322 , -1.94279 , 2.29662 , 1.57338 , 1.74178 , 1490.36 , 1617.26 , 3.77034 , 3.97166 , 54.3846 , 56.5455 , 1.20827 , 0.857499 , 0.656294 , 0.597453 , 0.614972 , 0.637908 , 0.634347 , 0.614292 , 0.601832 , 0.606458 , 0.61686 , 0.618413 , 0.609274 , 0
-1361.67 , -8.86598 , -0 , 0.0172891 , 0.982711 , 2.479 , 5863.43 , 10291 , 2.18718 , 6.87315 , -5.08611 , 0.336977 , 774.439 , 3.03929 , 50.6149 , 202.568 , 903.139 , -22.8847 , 8.30623 , 0.0102291 , 0.0101231 , 0.036292 , 0.02774 , 0.953001 , 0.0328916 , 2.34872 , 0.197923 , 5400.62 , 5573.31 , 9938.94 , 9980.45 , 2.58375 , 2.66803 , 9.21648 , 10.0297 , -2.06282 , 2.47694 , 1.54642 , 1.73132 , 1454.22 , 1589.62 , 3.70959 , 3.91312 , 54.7617 , 56.8508 , 2.00754 , 1.68583 , 1.42714 , 1.23067 , 1.09229 , 1.0054 , 0.961718 , 0.948126 , 0.950076 , 0.956622 , 0.962681 , 0.967435 , 0.971448 , 0
-1448.39 , -6.33283 , -0 , 0.0292152 , 0.970785 , 2.88064 , 4730.07 , 9599.34 , 2.67686 , 9.37898 , -5.27487 , 0.622421 , 688.39 , 2.49481 , 73.1689 , -127.624 , 1043.38 , -22.0677 , 8.46419 , 0.0102291 , 0.0101231 , 0.0356118 , 0.0276966 , 0.953681 , 0.033076 , 2.37196 , 0.22328 , 5381.43 , 5556.17 , 9927.3 , 9969.07 , 2.59468 , 2.67841 , 9.2736 , 10.0789 , -2.22012 , 2.67883 , 1.50292 , 1.70176 , 1450.78 , 1588.04 , 3.65018 , 3.86365 , 55.4258 , 57.6036 , 3.22079 , 2.73241 , 2.31936 , 1.98816 , 1.73809 , 1.56806 , 1.47194 , 1.43371 , 1.43547 , 1.46257 , 1.50204 , 1.5424 , 1.57623 , 0
-1314.16 , -5.79188 , -0 , 0.0451554 , 0.954845 , 2.50596 , 6101.61 , 10451.7 , 2.16879 , 6.74749 , -5.52771 , 0.333348 , 1462.83 , 3.02126 , 54.1552 , -325.381 , 1050.11 , -21.2262 , 8.55557 , 0.00966334 , 0.0102824 , 0.0368247 , 0.0274227 , 0.953034 , 0.0328881 , 2.35796 , 0.2025 , 5510.87 , 5659.66 , 10028.4 , 10061.8 , 2.52361 , 2.59604 , 8.81799 , 9.49978 , -2.38583 , 2.88472 , 1.44028 , 1.66017 , 1488.64 , 1611.46 , 3.68417 , 3.88643 , 54.1844 , 56.082 , 1.94734 , 1.58372 , 1.31645 , 1.13385 , 1.02071 , 0.964486 , 0.951526 , 0.960798 , 0.975655 , 0.988102 , 0.994415 , 0.993685 , 0.987237 , 0
-1141.36 , -5.68931 , -0 , 0.0607178 , 0.939282 , 2.31459 , 4667.96 , 9596.41 , 2.79037 , 9.94592 , -4.50472 , 0.558204 , 1290.73 , 2.43224 , 77.8294 , -441.949 , 1013.28 , -20.3898 , 8.58218 , 0.00863424 , 0.00990366 , 0.035295 , 0.0248609 , 0.955593 , 0.0290003 , 2.34185 , 0.188823 , 5461.72 , 5613.6 , 9999.84 , 10033.5 , 2.54796 , 2.61924 , 8.94214 , 9.60886 , -2.51341 , 3.01067 , 1.39591 , 1.63015 , 1504.13 , 1621.97 , 3.59641 , 3.80589 , 54.7713 , 56.815 , 1.97114 , 1.64223 , 1.38327 , 1.18614 , 1.03819 , 0.939604 , 0.893169 , 0.88876 , 0.907849 , 0.936904 , 0.969023 , 0.997899 , 1.0163 , 0
-972.393 , -6.19972 , -0 , 0.0271286 , 0.972871 , 2.26278 , 3887.27 , 9063.1 , 3.41599 , 13.6755 , -3.55314 , 0.638917 , 1979.12 , 1.68822 , 76.4542 , -508.254 , 963.931 , -19.5728 , 8.50482 , 0.00863424 , 0.00990366 , 0.0363801 , 0.0238689 , 0.954508 , 0.0278011 , 2.34059 , 0.189241 , 5417.98 , 5578.94 , 9970.82 , 10006.2 , 2.58095 , 2.65681 , 9.13436 , 9.83177 , -2.61935 , 3.08811 , 1.31742 , 1.5502 , 1548.88 , 1660.67 , 3.49832 , 3.73003 , 55.2659 , 57.4234 , 1.01801 , 0.821164 , 0.680836 , 0.587486 , 0.526144 , 0.493194 , 0.48829 , 0.501057 , 0.515825 , 0.52428 , 0.526448 , 0.524305 , 0.517989 , 0
-2819.83 , -11.3992 , -0 , 0.0504605 , 0.94954 , 2.43615 , 5402.05 , 10007.1 , 2.32959 , 7.57084 , -4.27135 , 0.397501 , 688.39 , 2.99909 , 77.544 , -1189.58 , 964.138 , -15.9679 , 6.40678 , 0.00863424 , 0.00990366 , 0.0374745 , 0.0238622 , 0.953414 , 0.0274342 , 2.35899 , 0.174707 , 5341.08 , 5490.52 , 9931.24 , 9964.62 , 2.60157 , 2.67284 , 9.22726 , 9.89215 , -2.75304 , 3.1987 , 1.24649 , 1.49028 , 1511.02 , 1633.98 , 3.3857 , 3.59452 , 56.341 , 58.6114 , 1.89311 , 1.685 , 1.50771 , 1.35775 , 1.23546 , 1.13901 , 1.06628 , 1.01448 , 0.978764 , 0.954694 , 0.938719 , 0.928312 , 0.922153 , 0
-2662.5 , -13.0347 , -0 , 0.0494667 , 0.950533 , 2.2312 , 4381.11 , 9345.5 , 2.86879 , 10.4649 , -3.24735 , 0.624555 , 516.293 , 2.39562 , 83.3825 , -1674.33 , 691.164 , -15.4793 , 5.8298 , 0.00782219 , 0.00974476 , 0.0387066 , 0.0236535 , 0.952994 , 0.0273946 , 2.35347 , 0.176469 , 5210.56 , 5345.69 , 9858.98 , 9890.01 , 2.64442 , 2.70998 , 9.44012 , 10.0587 , -2.85805 , 3.26159 , 1.14351 , 1.35174 , 1424.97 , 1547.87 , 3.2166 , 3.37572 , 58.205 , 60.492 , 1.20615 , 1.07615 , 0.964339 , 0.868088 , 0.788943 , 0.726417 , 0.67928 , 0.646154 , 0.623655 , 0.609147 , 0.600487 , 0.595614 , 0.593017 , 0
-1646.95 , -15.4227 , 0.0393543 , 0.0841515 , 0.876494 , 2.29908 , 7183.54 , 10936.6 , 1.84252 , 5.36224 , -3.0835 , 0.655343 , 1936.1 , 4.00982 , 52.4804 , -1670.91 , 646.589 , -15.1458 , 5.35972 , 0.00848555 , 0.0111961 , 0.040405 , 0.0252756 , 0.950632 , 0.0310932 , 2.36547 , 0.161545 , 5291.07 , 5437.92 , 9897.99 , 9931.14 , 2.61422 , 2.68513 , 9.30217 , 9.96102 , -2.95091 , 3.31588 , 1.04749 , 1.21279 , 1454.22 , 1577.28 , 3.20977 , 3.36742 , 57.9008 , 60.2083 , 0.65121 , 0.558805 , 0.491617 , 0.438946 , 0.397644 , 0.366561 , 0.344262 , 0.329392 , 0.31992 , 0.314441 , 0.312914 , 0.314476 , 0.31741 , 0
-1644.75 , -17.6062 , 0.0412076 , 0.0829937 , 0.875799 , 2.09839 , 7180.67 , 10933.1 , 1.84016 , 5.35544 , -2.57433 , 0.830968 , 1850.05 , 4.17203 , 50.7872 , -1668 , 609.665 , -14.964 , 5.06771 , 0.0101339 , 0.0127509 , 0.0391932 , 0.0223037 , 0.950195 , 0.0320493 , 2.36416 , 0.163558 , 5331.9 , 5487.78 , 9916.33 , 9950.89 , 2.60245 , 2.67641 , 9.25261 , 9.93124 , -2.98384 , 3.33729 , 1.03153 , 1.19915 , 1476.6 , 1599.4 , 3.21441 , 3.37308 , 57.3861 , 59.7171 , 0.415823 , 0.351261 , 0.30464 , 0.269757 , 0.244088 , 0.225465 , 0.212953 , 0.205792 , 0.202547 , 0.201702 , 0.202329 , 0.203739 , 0.205261 , 0
-1592.32 , -19.6919 , 0.0342168 , 0.11171 , 0.854073 , 2.09486 , 7276.76 , 10981.4 , 1.83016 , 5.30856 , -1.93684 , 1.04978 , 1893.07 , 4.5252 , 55.8327 , -1660.43 , 578.824 , -14.9215 , 4.97263 , 0.0100636 , 0.0126125 , 0.0400204 , 0.0244874 , 0.949438 , 0.0340262 , 2.35045 , 0.17102 , 5349.52 , 5510.4 , 9924.52 , 9959.84 , 2.59923 , 2.67415 , 9.23909 , 9.92379 , -2.9249 , 3.28973 , 1.05335 , 1.21321 , 1495.53 , 1618.88 , 3.2416 , 3.40666 , 57.8242 , 60.0854 , 0.240498 , 0.201584 , 0.174239 , 0.154116 , 0.138929 , 0.127717 , 0.120255 , 0.115989 , 0.114093 , 0.113685 , 0.11443 , 0.116207 , 0.118426 , 0
-1603.59 , -21.2999 , 0.0481984 , 0.159084 , 0.792717 , 1.78617 , 7517.5 , 11059.1 , 1.75791 , 5.03688 , -1.47404 , 1.31044 , 2108.2 , 5.03274 , 45.0732 , -1655.27 , 552.129 , -15.0011 , 5.06346 , 0.011287 , 0.0146106 , 0.0439664 , 0.0336815 , 0.944269 , 0.0456431 , 2.32792 , 0.203659 , 5430.91 , 5605.58 , 9961.81 , 9999.42 , 2.57295 , 2.65358 , 9.12371 , 9.84817 , -2.93077 , 3.29223 , 1.03792 , 1.19393 , 1524.78 , 1650.07 , 3.27659 , 3.45353 , 57.8505 , 60.105 , 0.123514 , 0.105161 , 0.0929094 , 0.0835547 , 0.0761342 , 0.0704329 , 0.0664505 , 0.0639942 , 0.0627053 , 0.0619672 , 0.0614909 , 0.0613219 , 0.0612978 , 0
-1511.31 , -22.9327 , 0.0282988 , 0.0853375 , 0.886364 , 1.77238 , 7832.08 , 11240 , 1.7848 , 5.07247 , -1.04156 , 1.87855 , 3528 , 5.53463 , 41.4587 , -1643.27 , 530.119 , -15.2058 , 5.30916 , 0.0115603 , 0.0148602 , 0.0466739 , 0.0341741 , 0.941288 , 0.0468774 , 2.30385 , 0.230559 , 5510.06 , 5701.37 , 9997.38 , 10037.7 , 2.55221 , 2.63755 , 9.03271 , 9.79062 , -2.92515 , 3.29033 , 1.03842 , 1.19472 , 1616 , 1777.17 , 3.32043 , 3.51626 , 57.5125 , 59.8475 , 0.050496 , 0.0393921 , 0.033425 , 0.0296952 , 0.0270981 , 0.0254972 , 0.0246947 , 0.0244071 , 0.0242899 , 0.0239999 , 0.0236643 , 0.0237058 , 0.0240708 , 0
-1663.69 , -23.9869 , 0.0302628 , 0.0795361 , 0.890201 , 1.88041 , 5805.5 , 10401.9 , 2.4543 , 7.94794 , -0.924269 , 2.40743 , 2624.49 , 4.06641 , 53.2621 , -1644.84 , 509.351 , -15.5141 , 5.63229 , 0.0119356 , 0.0152053 , 0.0481318 , 0.0347625 , 0.939455 , 0.0479314 , 2.28517 , 0.244754 , 5486.23 , 5675.8 , 9989.26 , 10029.2 , 2.56742 , 2.65057 , 9.09765 , 9.83784 , -2.91989 , 3.28875 , 1.05334 , 1.22213 , 1664.18 , 1831.18 , 3.27824 , 3.4607 , 57.6971 , 60.0045 , 0.0485712 , 0.0388103 , 0.0325559 , 0.0281659 , 0.024907 , 0.0229224 , 0.0220835 , 0.0220187 , 0.0223994 , 0.0228792 , 0.0233018 , 0.0237262 , 0.0241317 , 0
-452.958 , -25.0392 , 0.0186338 , 0.070069 , 0.911297 , 1.90323 , 8111.97 , 11346.9 , 1.7516 , 4.92651 , -0.851109 , 2.23543 , 3743.12 , 6.06968 , 29.9969 , -1559.71 , 578.903 , -15.9053 , 5.98341 , 0.0126809 , 0.0150579 , 0.049385 , 0.0349654 , 0.937456 , 0.048022 , 2.27783 , 0.253201 , 5557.98 , 5766.3 , 10019.9 , 10062.7 , 2.55255 , 2.63968 , 9.03366 , 9.80052 , -2.91576 , 3.28762 , 1.05267 , 1.2209 , 1758.84 , 1959.04 , 3.31792 , 3.52403 , 56.5283 , 59.1293 , 0.0251742 , 0.0184216 , 0.0159451 , 0.0147168 , 0.013533 , 0.0126969 , 0.0123507 , 0.0122963 , 0.0123509 , 0.0122631 , 0.0120887 , 0.0121161 , 0.0122226 , 0
-1304.78 , -17.8608 , 0.0166125 , 0.0649668 , 0.918421 , 1.90897 , 3818.83 , 8975.42 , 3.40349 , 13.6791 , -0.79744 , 3.14841 , 1376.78 , 3.00643 , 69.4358 , -1427.54 , 384.242 , -22.7776 , 9.14511 , 0.0133454 , 0.0148488 , 0.0511296 , 0.0346094 , 0.935047 , 0.0474019 , 2.26186 , 0.263176 , 5475.91 , 5696.93 , 9965.73 , 10010.6 , 2.59866 , 2.68861 , 9.29567 , 10.0748 , -2.90603 , 3.28489 , 1.09444 , 1.30767 , 1760.56 , 1960.23 , 3.2447 , 3.44158 , 57.4088 , 59.993 , 0.0581854 , 0.050038 , 0.0437362 , 0.038991 , 0.0353733 , 0.0326103 , 0.0305915 , 0.0293011 , 0.0286589 , 0.0284343 , 0.0283339 , 0.0281918 , 0.028013 , 0
-1258.11 , -15.9847 , 0.0169006 , 0.0147029 , 0.968396 , 2.45496 , 4441.37 , 9401.29 , 2.85002 , 10.3585 , -1.52372 , 1.60826 , 817.463 , 2.9422 , 79.2484 , -1378.94 , 377.956 , -23.1108 , 8.75342 , 0.0136565 , 0.0148385 , 0.0502933 , 0.0352215 , 0.935572 , 0.0476948 , 2.27387 , 0.264859 , 5356.81 , 5571.57 , 9898.99 , 9942.12 , 2.63879 , 2.72344 , 9.49628 , 10.23 , -2.86758 , 3.26135 , 1.12803 , 1.33785 , 1688.28 , 1895.71 , 3.18864 , 3.38173 , 59.2696 , 61.7052 , 0.230909 , 0.193192 , 0.162223 , 0.138796 , 0.122559 , 0.11251 , 0.107463 , 0.106221 , 0.107522 , 0.110028 , 0.112558 , 0.11442 , 0.115448 , 0
-1285.63 , -13.8225 , 0.0284048 , 0.0455132 , 0.926082 , 2.10288 , 7204.94 , 10967.3 , 1.87117 , 5.46132 , -2.20186 , 0.943355 , 1548.88 , 4.43894 , 70.8211 , -1334.05 , 364.817 , -23.3747 , 8.38512 , 0.0145379 , 0.0150327 , 0.0506357 , 0.0351317 , 0.934549 , 0.0476128 , 2.26594 , 0.266884 , 5479.01 , 5694.73 , 9966.31 , 10010.4 , 2.58391 , 2.67142 , 9.21312 , 9.9777 , -2.85724 , 3.25395 , 1.12639 , 1.33667 , 1679.67 , 1888.18 , 3.27227 , 3.46463 , 60.1048 , 62.5171 , 0.354237 , 0.277913 , 0.223987 , 0.189777 , 0.169738 , 0.15827 , 0.152635 , 0.152616 , 0.158123 , 0.167255 , 0.17697 , 0.184458 , 0.188289 , 0
-1235.37 , -12.0856 , 0.019452 , 0.0502625 , 0.930285 , 2.43687 , 5572.45 , 10194.1 , 2.41052 , 7.87868 , -2.77497 , 0.82008 , 1462.83 , 3.32277 , 71.4164 , -1289.43 , 352.108 , -23.5646 , 8.08884 , 0.015096 , 0.0149455 , 0.051399 , 0.0349073 , 0.933227 , 0.047253 , 2.27223 , 0.268977 , 5520.07 , 5731.09 , 9990.59 , 10034.4 , 2.56022 , 2.64731 , 9.08659 , 9.85701 , -2.8792 , 3.27078 , 1.11604 , 1.3293 , 1640.09 , 1846.68 , 3.29369 , 3.48347 , 61.4154 , 63.6604 , 0.572773 , 0.447333 , 0.357862 , 0.303213 , 0.273088 , 0.257248 , 0.250875 , 0.253086 , 0.26285 , 0.276499 , 0.288974 , 0.296809 , 0.29956 , 0
-1254.58 , -13.0558 , 0.0131894 , 0.0334425 , 0.953368 , 2.79222 , 4318.33 , 9312.5 , 2.93071 , 10.8442 , -2.80075 , 0.892207 , 1118.63 , 2.66127 , 94.2793 , -1267.69 , 24.5191 , -24.0527 , 7.28709 , 0.0154813 , 0.0147662 , 0.0523251 , 0.0341021 , 0.931916 , 0.0462093 , 2.27837 , 0.278848 , 5545.56 , 5748.85 , 10006.9 , 10049.2 , 2.53303 , 2.61349 , 8.92126 , 9.63803 , -2.91317 , 3.29537 , 1.10014 , 1.31619 , 1583.3 , 1789.57 , 3.31904 , 3.50049 , 63.0541 , 65.5324 , 0.88356 , 0.714551 , 0.579591 , 0.484942 , 0.426613 , 0.39533 , 0.382518 , 0.382963 , 0.393796 , 0.411956 , 0.432799 , 0.451105 , 0.46304 , 0
-1283.64 , -13.5582 , 0.0355487 , 0.0698588 , 0.894593 , 1.9421 , 7147.38 , 10924.9 , 1.85421 , 5.41333 , -3.22082 , 0.638992 , 1290.73 , 3.94781 , 76.0675 , -1270.35 , 23.1582 , -24.1171 , 7.19349 , 0.0163066 , 0.0152792 , 0.0535672 , 0.0341526 , 0.929849 , 0.0466744 , 2.26307 , 0.286285 , 5657.21 , 5859.5 , 10068.7 , 10111.4 , 2.48749 , 2.57092 , 8.69305 , 9.44027 , -2.95419 , 3.32891 , 1.0865 , 1.30777 , 1566.09 , 1775.03 , 3.38587 , 3.55942 , 63.9792 , 66.4368 , 0.910916 , 0.72971 , 0.590571 , 0.493342 , 0.433832 , 0.403234 , 0.392999 , 0.396359 , 0.408391 , 0.425205 , 0.443575 , 0.460637 , 0.473922 , 0
-1281.35 , -13.7948 , 0.0223713 , 0.0506874 , 0.926941 , 2.38061 , 4523.28 , 9447.39 , 2.78127 , 9.9764 , -2.19939 , 1.09412 , 817.463 , 2.69784 , 116.508 , -1271.92 , 21.7829 , -24.1334 , 7.17108 , 0.0172014 , 0.0149495 , 0.0555947 , 0.0323704 , 0.926926 , 0.0444235 , 2.25763 , 0.282688 , 5706.12 , 5892.06 , 10111.7 , 10149.2 , 2.45785 , 2.53432 , 8.49591 , 9.1768 , -2.98664 , 3.34635 , 1.05765 , 1.27527 , 1579.86 , 1780.02 , 3.38079 , 3.55547 , 64.9866 , 67.9942 , 0.676072 , 0.559444 , 0.460277 , 0.383582 , 0.330846 , 0.300113 , 0.287443 , 0.288022 , 0.297151 , 0.310719 , 0.325399 , 0.338615 , 0.348599 , 0
-1341.5 , -14.6703 , 0.0250342 , 0.0186546 , 0.956311 , 2.01356 , 4069.51 , 9158.99 , 3.17198 , 12.2079 , -1.74176 , 1.42162 , 903.512 , 2.48438 , 99.0198 , -1280.62 , 30.7367 , -24.1009 , 7.19781 , 0.0174157 , 0.0150217 , 0.0554361 , 0.0325408 , 0.92687 , 0.0443858 , 2.24567 , 0.286412 , 5758.44 , 5922.31 , 10164.9 , 10193.7 , 2.42002 , 2.47932 , 8.20575 , 8.66166 , -2.99585 , 3.35082 , 1.0438 , 1.25783 , 1588.46 , 1783.87 , 3.39718 , 3.56596 , 65.2742 , 68.3966 , 0.323279 , 0.272161 , 0.229458 , 0.196309 , 0.172808 , 0.157682 , 0.14935 , 0.146144 , 0.146736 , 0.149843 , 0.154137 , 0.15851 , 0.162156 , 0
-1391.59 , -15.0002 , 0.0313446 , 0.0697643 , 0.898891 , 1.8274 , 6027.55 , 10428.5 , 2.22083 , 6.94361 , -1.49024 , 1.49006 , 688.39 , 3.96314 , 89.2789 , -1292.95 , 45.3443 , -24.0083 , 7.26933 , 0.0183776 , 0.0151126 , 0.0572585 , 0.0320123 , 0.924364 , 0.0441249 , 2.22018 , 0.294046 , 5705.33 , 5862 , 10140 , 10167.4 , 2.43402 , 2.49084 , 8.2661 , 8.70467 , -2.84409 , 3.19372 , 1.08635 , 1.28984 , 1519.62 , 1723.06 , 3.41936 , 3.58881 , 67.4155 , 70.3265 , 0.25372 , 0.211083 , 0.175852 , 0.148632 , 0.130049 , 0.118941 , 0.113913 , 0.113197 , 0.115137 , 0.118317 , 0.121638 , 0.124515 , 0.126816 , 0
-1300.64 , -13.4316 , 0.0166468 , 0.0358313 , 0.947522 , 2.1822 , 5630.41 , 10201.8 , 2.34714 , 7.58187 , -2.24279 , 0.97156 , 1807.02 , 3.62191 , 59.474 , -1293.72 , 43.0792 , -18.7626 , 7.21179 , 0.0188212 , 0.0148909 , 0.0574014 , 0.0319081 , 0.923777 , 0.0437139 , 2.21525 , 0.293607 , 5726.39 , 5881.25 , 10150.9 , 10178.2 , 2.42211 , 2.47888 , 8.20643 , 8.6474 , -2.75367 , 3.09676 , 1.10133 , 1.29892 , 1531.67 , 1734.6 , 3.46786 , 3.62934 , 67.7303 , 70.5747 , 0.401351 , 0.34408 , 0.300667 , 0.266799 , 0.239973 , 0.220737 , 0.209548 , 0.204253 , 0.201965 , 0.201177 , 0.201154 , 0.201226 , 0.200687 , 0
-1359.75 , -14.975 , -0 , 0.0137366 , 0.986263 , 2.28321 , 5161.24 , 9942.02 , 2.57562 , 8.72788 , -2.01284 , 1.18454 , 1677.95 , 3.41105 , 83.4524 , -1299.72 , 45.249 , -18.297 , 6.7995 , 0.0186271 , 0.0151018 , 0.0567894 , 0.0325858 , 0.924583 , 0.0446625 , 2.21079 , 0.29169 , 5754.27 , 5904.02 , 10168.3 , 10194.8 , 2.40464 , 2.45911 , 8.10958 , 8.53537 , -2.6543 , 2.99049 , 1.12372 , 1.31442 , 1543.71 , 1745.18 , 3.51915 , 3.66828 , 69.2417 , 71.9439 , 0.400052 , 0.330769 , 0.277088 , 0.236252 , 0.206019 , 0.187158 , 0.17993 , 0.181351 , 0.18742 , 0.195237 , 0.202556 , 0.207876 , 0.210469 , 0
-874.691 , -12.2882 , 0.0208668 , 0.0487023 , 0.930431 , 2.3953 , 7187.91 , 10949.3 , 1.85935 , 5.42011 , -3.52217 , 0.521199 , 2065.17 , 3.88892 , 32.7671 , -1178.36 , 216.078 , -16.2507 , 3.01873 , 0.0194618 , 0.0146182 , 0.058046 , 0.03163 , 0.922492 , 0.0430881 , 2.20744 , 0.28906 , 5807.25 , 5962.29 , 10194.6 , 10222.2 , 2.39153 , 2.4483 , 8.05146 , 8.49341 , -2.59174 , 2.89906 , 1.13109 , 1.31682 , 1595.34 , 1786.69 , 3.55314 , 3.70023 , 68.5278 , 71.529 , 0.584029 , 0.469778 , 0.397965 , 0.355698 , 0.331171 , 0.315818 , 0.307028 , 0.304305 , 0.305234 , 0.306073 , 0.304158 , 0.298893 , 0.29206 , 0
-1026.23 , -12.3786 , -0 , 0.0241932 , 0.975807 , 2.77996 , 4345.75 , 9396.93 , 3.04444 , 11.3804 , -2.69395 , 0.868231 , 1462.83 , 2.23164 , 53.2381 , -1140.33 , 198.385 , -16.1748 , 3.047 , 0.0194618 , 0.0146182 , 0.0578451 , 0.0318278 , 0.922693 , 0.0433238 , 2.20342 , 0.28022 , 5791.88 , 5950.58 , 10186.5 , 10214.7 , 2.40623 , 2.46542 , 8.13151 , 8.59069 , -2.4885 , 2.75352 , 1.14092 , 1.32237 , 1626.32 , 1805.24 , 3.54261 , 3.6935 , 67.7305 , 70.8211 , 0.490496 , 0.396074 , 0.33189 , 0.293888 , 0.271066 , 0.254761 , 0.242474 , 0.236023 , 0.236319 , 0.240821 , 0.245254 , 0.246713 , 0.245526 , 0
-1676.07 , -13.0936 , -0 , 0.0305543 , 0.969446 , 2.3244 , 6244.71 , 10556.8 , 2.17233 , 6.73042 , -3.04167 , 0.770909 , 1764 , 3.58752 , 52.5894 , -1247.48 , 278.224 , -16.1131 , 3.04783 , 0.0194618 , 0.0146182 , 0.057261 , 0.0321873 , 0.923277 , 0.0438486 , 2.19615 , 0.274581 , 5797.6 , 5956.51 , 10190.7 , 10219 , 2.40637 , 2.46554 , 8.13083 , 8.59015 , -2.38906 , 2.59417 , 1.15843 , 1.32966 , 1638.37 , 1815.98 , 3.56526 , 3.71371 , 67.6679 , 70.7739 , 0.579238 , 0.456391 , 0.372383 , 0.32045 , 0.289881 , 0.273464 , 0.266923 , 0.266836 , 0.270749 , 0.276714 , 0.282443 , 0.285666 , 0.28631 , 0
-1421.54 , -13.7463 , 0.0314239 , 0.0697755 , 0.898801 , 2.36383 , 5310.62 , 10113.3 , 2.64554 , 8.97159 , -2.5056 , 0.953297 , 2237.27 , 2.85932 , 43.2175 , -1276.49 , 262.136 , -16.0783 , 3.03965 , 0.0207187 , 0.0142367 , 0.0576233 , 0.032275 , 0.921658 , 0.0439749 , 2.19812 , 0.275598 , 5823.31 , 5978.01 , 10211.4 , 10238.9 , 2.40058 , 2.45915 , 8.09186 , 8.54713 , -2.3091 , 2.48377 , 1.17423 , 1.33861 , 1676.23 , 1852.39 , 3.58234 , 3.72586 , 66.2834 , 69.5798 , 0.328165 , 0.240568 , 0.193444 , 0.177773 , 0.174265 , 0.170053 , 0.162686 , 0.155344 , 0.151715 , 0.152956 , 0.156919 , 0.160151 , 0.161173 , 0
-554.606 , -18.2404 , 0.018917 , 0.0483171 , 0.932766 , 2.43171 , 5793.86 , 10331.3 , 2.34559 , 7.53528 , -2.15848 , 1.01738 , 1979.12 , 3.72084 , 63.2383 , -1110.63 , 397.074 , -16.3904 , 3.02936 , 0.0214754 , 0.0136041 , 0.0584709 , 0.0317368 , 0.920054 , 0.042793 , 2.20488 , 0.279149 , 5899.57 , 6039.44 , 10262.1 , 10286.9 , 2.35776 , 2.40847 , 7.84625 , 8.23674 , -2.25331 , 2.41878 , 1.18937 , 1.34795 , 1676.23 , 1852.39 , 3.66365 , 3.78442 , 65.7548 , 69.0471 , 0.290442 , 0.220451 , 0.173575 , 0.147518 , 0.136275 , 0.134943 , 0.139755 , 0.146756 , 0.152516 , 0.155458 , 0.15545 , 0.152663 , 0.147934 , 0
-698.462 , -19.9865 , -0 , 0.0336971 , 0.966303 , 2.39818 , 5344.6 , 10070 , 2.52549 , 8.44399 , -1.94612 , 1.18038 , 1591.9 , 3.46465 , 72.6673 , -1041.93 , 393.681 , -16.6471 , 3.09929 , 0.0214754 , 0.0136041 , 0.0578004 , 0.0320742 , 0.920724 , 0.0433771 , 2.20336 , 0.277987 , 5897.27 , 6037.4 , 10264.6 , 10289.3 , 2.3656 , 2.41635 , 7.88118 , 8.27062 , -2.1603 , 2.29613 , 1.22068 , 1.36615 , 1712.37 , 1874.5 , 3.68227 , 3.80029 , 65.5597 , 68.8346 , 0.341609 , 0.261877 , 0.204466 , 0.168364 , 0.149724 , 0.145992 , 0.153471 , 0.165743 , 0.176596 , 0.182821 , 0.183792 , 0.179953 , 0.172969 , 0
-1160.17 , -22.5453 , -0 , 0.0160728 , 0.983927 , 2.24545 , 4473.75 , 9494.55 , 2.97779 , 10.96 , -1.25759 , 1.90058 , 1591.9 , 3.18319 , 85.4059 , -1058.82 , 366.818 , -17.0055 , 3.27474 , 0.0214754 , 0.0136041 , 0.0564646 , 0.0330733 , 0.92206 , 0.0447664 , 2.20393 , 0.278058 , 5900.98 , 6040.12 , 10270.6 , 10294.8 , 2.36996 , 2.42162 , 7.90098 , 8.29624 , -2.08071 , 2.21668 , 1.27172 , 1.41254 , 1755.4 , 1898.54 , 3.71377 , 3.82334 , 65.6407 , 68.9338 , 0.134397 , 0.109194 , 0.0905479 , 0.0773254 , 0.0684342 , 0.0638063 , 0.0629572 , 0.0644752 , 0.0667646 , 0.0688675 , 0.0703939 , 0.0709962 , 0.0704806 , 0
-2119.26 , -18.3288 , 0.0604137 , 0.113559 , 0.826028 , 2.59767 , 4657.51 , 9517.46 , 2.64499 , 9.24252 , -0.792764 , 3.03983 , 430.244 , 4.47566 , 114.473 , -1639.71 , 479.543 , -27.8057 , 8.19249 , 0.0223178 , 0.0152388 , 0.0576409 , 0.034528 , 0.920041 , 0.04781 , 2.21588 , 0.288119 , 5799.94 , 5940.25 , 10213.8 , 10238.2 , 2.40206 , 2.45118 , 8.05619 , 8.43175 , -1.98908 , 2.13506 , 1.3671 , 1.53222 , 1695.16 , 1860.62 , 3.73241 , 3.84396 , 68.1203 , 71.8739 , 0.098078 , 0.0881365 , 0.0792093 , 0.0711909 , 0.0641316 , 0.0581572 , 0.0533259 , 0.0496155 , 0.0469526 , 0.0451918 , 0.0441693 , 0.043769 , 0.0438585 , 0
-2378.47 , -16.5805 , -0 , 0.025544 , 0.974456 , 2.41332 , 4450.93 , 9335.15 , 2.69594 , 9.57227 , -1.56732 , 1.4905 , 516.293 , 3.56075 , 100.829 , -2248.86 , 129.604 , -27.9407 , 8.01022 , 0.0206695 , 0.0153348 , 0.0553429 , 0.0346757 , 0.923988 , 0.0480663 , 2.22847 , 0.289588 , 5690.75 , 5832.37 , 10149.9 , 10174.8 , 2.43629 , 2.48265 , 8.22487 , 8.57976 , -1.9488 , 2.09562 , 1.39349 , 1.55208 , 1641.81 , 1826.38 , 3.70796 , 3.81929 , 70.122 , 73.955 , 0.338664 , 0.306954 , 0.278395 , 0.252872 , 0.230481 , 0.211334 , 0.195428 , 0.182577 , 0.172496 , 0.164828 , 0.159232 , 0.155479 , 0.153345 , 0
-2667.24 , -15.6219 , 0.0629303 , 0.0691685 , 0.867901 , 2.80526 , 7001.05 , 10823.7 , 1.83148 , 5.34876 , -3.3288 , 0.468317 , 1118.63 , 3.99334 , 45.3718 , -2388.32 , 223.821 , -28.049 , 7.84714 , 0.021818 , 0.0172608 , 0.0536412 , 0.0328643 , 0.924541 , 0.0473325 , 2.25689 , 0.309269 , 5679.72 , 5818.85 , 10143.6 , 10168 , 2.43634 , 2.48269 , 8.22647 , 8.58076 , -2.00448 , 2.16445 , 1.37023 , 1.54066 , 1610.83 , 1800.66 , 3.68668 , 3.79549 , 69.7036 , 73.6682 , 0.694923 , 0.606014 , 0.53785 , 0.484075 , 0.443351 , 0.413526 , 0.392296 , 0.377174 , 0.366361 , 0.358389 , 0.352016 , 0.346513 , 0.341489 , 0
-1522.69 , -15.4455 , 0.0146478 , 0.0395148 , 0.945837 , 2.62459 , 5598.34 , 10122.9 , 2.24593 , 7.16732 , -1.52856 , 1.48642 , 602.341 , 4.12952 , 71.8337 , -2171.91 , 421.983 , -28.1467 , 7.69078 , 0.020476 , 0.0164424 , 0.0488585 , 0.0249087 , 0.930666 , 0.0390628 , 2.29043 , 0.301773 , 5602.95 , 5731.68 , 10106.2 , 10128.9 , 2.45586 , 2.49838 , 8.31169 , 8.64115 , -2.00666 , 2.16596 , 1.37727 , 1.54704 , 1550.6 , 1754.74 , 3.65055 , 3.75163 , 70.774 , 74.5127 , 0.237994 , 0.210859 , 0.187716 , 0.167955 , 0.151468 , 0.13826 , 0.128334 , 0.121394 , 0.11691 , 0.114304 , 0.113094 , 0.112886 , 0.113282 , 0
-1370.21 , -16.8875 , -0 , -0 , 1 , 2.51236 , 6410.37 , 10561.2 , 1.99882 , 6.03368 , -2.20908 , 0.86166 , 989.561 , 4.24307 , 52.7737 , -2011.57 , 495.27 , -28.268 , 7.49656 , 0.019344 , 0.0168343 , 0.045445 , 0.0255156 , 0.935211 , 0.0402371 , 2.32003 , 0.285353 , 5546.09 , 5660.59 , 10079 , 10099.7 , 2.46442 , 2.50486 , 8.35014 , 8.66582 , -2.05336 , 2.20072 , 1.33659 , 1.51058 , 1449.06 , 1618.77 , 3.59889 , 3.68369 , 71.2266 , 74.7983 , 0.347049 , 0.304087 , 0.270494 , 0.243967 , 0.223502 , 0.208347 , 0.198065 , 0.191579 , 0.187505 , 0.184766 , 0.182689 , 0.180785 , 0.178627 , 0
-1478.32 , -21.8363 , 0.0308394 , 0.0269627 , 0.942198 , 2.22915 , 6102.07 , 10447.5 , 2.15648 , 6.70054 , -1.65487 , 1.34914 , 1677.95 , 4.23651 , 64.4263 , -1922.7 , 493.867 , -28.7518 , 6.86269 , 0.0193671 , 0.0168497 , 0.043342 , 0.024775 , 0.937291 , 0.0391869 , 2.33398 , 0.27172 , 5557.95 , 5673.05 , 10080.8 , 10101.5 , 2.45251 , 2.49387 , 8.30024 , 8.62355 , -2.08259 , 2.21778 , 1.29426 , 1.457 , 1411.2 , 1567.65 , 3.60569 , 3.69135 , 71.6732 , 75.1488 , 0.226946 , 0.192646 , 0.166093 , 0.145347 , 0.128808 , 0.116347 , 0.108346 , 0.104232 , 0.102789 , 0.103164 , 0.104859 , 0.107204 , 0.109519 , 0
-1715.68 , -23.5423 , -0 , 0.0694724 , 0.930528 , 2.26233 , 6048.19 , 10393.6 , 2.1365 , 6.62378 , -1.11236 , 1.91567 , 817.463 , 4.8589 , 63.9168 , -1893.12 , 462.935 , -28.9184 , 6.70597 , 0.0186217 , 0.0172724 , 0.0433182 , 0.0247495 , 0.93806 , 0.0388565 , 2.34834 , 0.2577 , 5475.4 , 5569.07 , 10042.7 , 10060.4 , 2.46791 , 2.50584 , 8.36814 , 8.66889 , -2.09304 , 2.2224 , 1.28147 , 1.43866 , 1294.17 , 1387.01 , 3.55726 , 3.61895 , 73.03 , 75.9919 , 0.0980998 , 0.0876351 , 0.0796292 , 0.0728466 , 0.0668653 , 0.0618907 , 0.0580424 , 0.0551172 , 0.0528961 , 0.0513277 , 0.0503565 , 0.0497942 , 0.0494522 , 0
-1426 , -8.35936 , 0.0199378 , 0.05725 , 0.922812 , 2.48142 , 4072.34 , 9233.21 , 3.3205 , 13.0234 , -5.33039 , 0.565777 , 1505.85 , 1.7042 , 58.721 , -1426 , 0 , -31.9858 , 8.43686 , 0.0187548 , 0.0172693 , 0.0430095 , 0.0245247 , 0.938236 , 0.0387772 , 2.37124 , 0.242634 , 5485.54 , 5576.25 , 10053 , 10069.8 , 2.46459 , 2.50138 , 8.34191 , 8.62841 , -2.27435 , 2.45971 , 1.17816 , 1.29848 , 1299.34 , 1392.37 , 3.50517 , 3.58489 , 72.6014 , 75.6296 , 2.01162 , 1.3745 , 0.999548 , 0.888289 , 0.935788 , 1.01872 , 1.06267 , 1.05581 , 1.02383 , 0.994853 , 0.979801 , 0.977736 , 0.985869 , 0
-1364.73 , -5.97421 , 0.025833 , 0.0306142 , 0.943553 , 2.36274 , 4546.41 , 9595.31 , 3.01925 , 11.1292 , -6.57899 , 0.488491 , 1419.8 , 1.86373 , 72.2109 , -1395.37 , 30.6367 , -31.5082 , 9.35511 , 0.019112 , 0.0173195 , 0.043646 , 0.0239823 , 0.937242 , 0.038307 , 2.36755 , 0.242034 , 5489.74 , 5579.64 , 10060.8 , 10077.1 , 2.47136 , 2.50931 , 8.37274 , 8.66671 , -2.47657 , 2.77284 , 1.13337 , 1.2618 , 1323.43 , 1411.59 , 3.46203 , 3.55585 , 72.3199 , 75.3472 , 3.77806 , 2.55752 , 1.81247 , 1.56367 , 1.64255 , 1.82674 , 1.95916 , 1.98966 , 1.94882 , 1.88899 , 1.84272 , 1.82396 , 1.83839 , 0
-1429.29 , -4.7876 , 0.0330767 , 0.0680858 , 0.898838 , 2.37714 , 6126.62 , 10527.1 , 2.25991 , 7.09969 , -7.23308 , 0.399767 , 1376.78 , 2.58449 , 56.7815 , -1406.68 , 29.6909 , -30.9446 , 10.294 , 0.0192989 , 0.0174435 , 0.0445489 , 0.0244558 , 0.936152 , 0.0389904 , 2.37852 , 0.235927 , 5446.61 , 5527.87 , 10043.2 , 10058.3 , 2.48691 , 2.52208 , 8.43827 , 8.71407 , -2.67781 , 3.09635 , 1.11163 , 1.25017 , 1316.55 , 1404.44 , 3.38786 , 3.48183 , 71.7583 , 74.8702 , 3.88537 , 2.63068 , 1.86245 , 1.59549 , 1.67524 , 1.88069 , 2.03599 , 2.06877 , 2.0092 , 1.93041 , 1.88324 , 1.88064 , 1.91025 , 0
-1393.12 , -4.75301 , 0.0224642 , 0.0695547 , 0.907981 , 2.05769 , 6554.97 , 10735.2 , 2.12241 , 6.46745 , -6.73806 , 0.42571 , 1505.85 , 2.69993 , 57.1093 , -1403.29 , 26.3748 , -30.3226 , 11.1515 , 0.0194194 , 0.0174546 , 0.0453205 , 0.0249239 , 0.93526 , 0.0393678 , 2.36335 , 0.243747 , 5485.91 , 5570.81 , 10064.8 , 10080.8 , 2.47538 , 2.5117 , 8.38182 , 8.66748 , -2.83634 , 3.33098 , 1.09585 , 1.24229 , 1318.27 , 1406.26 , 3.36294 , 3.46021 , 71.186 , 74.3774 , 2.7878 , 1.87436 , 1.34896 , 1.19732 , 1.28073 , 1.42493 , 1.50747 , 1.49147 , 1.41766 , 1.35229 , 1.33147 , 1.35087 , 1.38593 , 0
-1371.23 , -5.54572 , 0.0331301 , 0.0700784 , 0.896791 , 2.06562 , 8019.95 , 11307.5 , 1.75506 , 4.9587 , -6.69961 , 0.378638 , 2839.61 , 3.27577 , 29.927 , -1396.88 , 26.8491 , -29.6541 , 11.8739 , 0.020217 , 0.0176066 , 0.046786 , 0.0252572 , 0.932997 , 0.0398846 , 2.33429 , 0.234001 , 5633.97 , 5732.44 , 10144.6 , 10162.1 , 2.42836 , 2.46745 , 8.14641 , 8.45014 , -2.99229 , 3.54641 , 1.07531 , 1.23174 , 1387.11 , 1500.02 , 3.38752 , 3.48124 , 68.6119 , 72.1961 , 1.63994 , 1.04122 , 0.760189 , 0.720722 , 0.799063 , 0.871718 , 0.885673 , 0.853095 , 0.814315 , 0.79991 , 0.808115 , 0.822925 , 0.830537 , 0
-1362.98 , -6.43442 , 0.0174073 , 0.0157102 , 0.966883 , 2.00853 , 4876.9 , 9824.45 , 2.8403 , 10.0572 , -6.53995 , 0.362362 , 1419.8 , 1.92805 , 61.6539 , -1391.23 , 27.5737 , -28.9513 , 12.4617 , 0.0194914 , 0.0173315 , 0.04462 , 0.0255062 , 0.935889 , 0.039615 , 2.33695 , 0.229873 , 5543.15 , 5636.38 , 10100.6 , 10117 , 2.4678 , 2.50469 , 8.33216 , 8.6185 , -3.12506 , 3.72464 , 1.06425 , 1.22723 , 1392.27 , 1504.67 , 3.30673 , 3.41237 , 68.0354 , 71.6441 , 2.80135 , 1.9586 , 1.46144 , 1.313 , 1.38776 , 1.51278 , 1.57234 , 1.54395 , 1.4689 , 1.4022 , 1.37262 , 1.37824 , 1.39795 , 0
630.836 , -21.5594 , 0.00721872 , 0.0446711 , 0.94811 , 2.3959 , 5469.84 , 10066.6 , 2.33165 , 7.56746 , -0.934876 , 2.44336 , 1032.59 , 4.79158 , 64.4666 , 630.836 , 0 , -33.09 , 3.24189 , 0.0188853 , 0.0174844 , 0.0443794 , 0.0254762 , 0.936735 , 0.039641 , 2.33756 , 0.230009 , 5581.01 , 5669.85 , 10125.4 , 10140.9 , 2.44981 , 2.48626 , 8.2358 , 8.51987 , -3.07448 , 3.7033 , 1.11822 , 1.30269 , 1400.87 , 1509.95 , 3.39048 , 3.50307 , 65.9537 , 68.9648 , 0.0764258 , 0.0663667 , 0.0581896 , 0.0516422 , 0.0464809 , 0.0425052 , 0.0395767 , 0.0376342 , 0.0365205 , 0.0359221 , 0.0355861 , 0.0354362 , 0.0354455 , 0
835.436 , -20.3164 , 0.00527222 , 0.0348577 , 0.955025 , 2.63773 , 4697.07 , 9565.48 , 2.66794 , 9.3349 , -0.841369 , 2.86706 , 516.293 , 4.15513 , 67.7509 , 733.136 , 102.3 , -32.7944 , 3.72195 , 0.0180948 , 0.0176347 , 0.0450275 , 0.0250155 , 0.936684 , 0.0396164 , 2.36252 , 0.227345 , 5606.12 , 5689.22 , 10141.6 , 10155.9 , 2.42965 , 2.46247 , 8.12088 , 8.37332 , -3.03846 , 3.69071 , 1.17603 , 1.39462 , 1385.39 , 1502.65 , 3.45731 , 3.56584 , 64.703 , 67.4356 , 0.0707431 , 0.0626824 , 0.0557971 , 0.0498637 , 0.0448793 , 0.0409372 , 0.0380206 , 0.0360068 , 0.0347452 , 0.0340789 , 0.0338418 , 0.0338844 , 0.0340866 , 0
