-929.212 , 23.2091 , -42.871 , 4.11089 , nan , 0.0323649 , 0.00921362 , nan , 0.0742648 , 0.0181331 , nan , 0.89337 , 0.0272175 , -0.918444 , -0.203235 , 0.267913 , 5267.69 , 3824.64 , 3925.86 , 5114.65 , 3769.36 , 3929.42 , 3.13835 , 2.84062 , 3.11994 , 16.4861 , 18.4604 , 20.0344 , -0.192774 , -0.661792 , 0.595288 , 11.8215 , 4.89653 , 5.73243 , 6625.76 , 5896.06 , 6007.51 , 2.88251 , 1.22652 , 1.6031 , 26.0934 , 68.0208 , 77.4183 , 0
-929.212 , 23.2091 , -42.871 , 4.11089 , nan , 0.0323649 , 0.00921362 , nan , 0.0742648 , 0.0181331 , nan , 0.89337 , 0.0272175 , -0.918444 , -0.203235 , 0.267913 , 5267.69 , 3824.64 , 3925.86 , 5114.65 , 3769.36 , 3929.42 , 3.13835 , 2.84062 , 3.11994 , 16.4861 , 18.4604 , 20.0344 , -0.192774 , -0.661792 , 0.595288 , 11.8215 , 4.89653 , 5.73243 , 6625.76 , 5896.06 , 6007.51 , 2.88251 , 1.22652 , 1.6031 , 26.0934 , 68.0208 , 77.4183 , 0
-929.212 , 23.2091 , -42.7135 , 3.87 , nan , 0.0323649 , 0.00921362 , nan , 0.0742648 , 0.0181331 , nan , 0.89337 , 0.0272175 , -0.309326 , -0.194669 , 0.260868 , 4763.64 , 3800.46 , 3894.52 , 3932.47 , 3772.73 , 3932.75 , 2.82472 , 2.85428 , 3.12406 , 17.945 , 18.5629 , 20.1126 , -0.233516 , -0.587899 , 0.4691 , 10.0532 , 5.25449 , 6.07509 , 6883.9 , 5877.13 , 5985.02 , 2.22051 , 1.28139 , 1.65387 , 26.1923 , 68.0107 , 77.4073 , 0
-929.212 , 23.2091 , -42.5024 , 3.67838 , nan , 0.0323649 , 0.00921362 , nan , 0.0742648 , 0.0181331 , nan , 0.89337 , 0.0272175 , -0.0824498 , -0.172778 , 0.258812 , 4076.84 , 3751.56 , 3838.66 , 3135.24 , 3724.26 , 3889.47 , 2.57609 , 2.90558 , 3.1441 , 17.3717 , 19.1168 , 20.5156 , -0.933687 , -0.568782 , 0.456351 , 2.62267 , 5.33032 , 6.09992 , 6840.88 , 5846.15 , 5948.52 , 0.746528 , 1.27849 , 1.63304 , 24.3552 , 66.1439 , 76.4113 , 0
-929.212 , 23.2091 , -42.5024 , 3.67838 , nan , 0.0323649 , 0.00921362 , nan , 0.0742648 , 0.0181331 , nan , 0.89337 , 0.0272175 , -0.0824498 , -0.172778 , 0.258812 , 4076.84 , 3751.56 , 3838.66 , 3135.24 , 3724.26 , 3889.47 , 2.57609 , 2.90558 , 3.1441 , 17.3717 , 19.1168 , 20.5156 , -0.933687 , -0.568782 , 0.456351 , 2.62267 , 5.33032 , 6.09992 , 6840.88 , 5846.15 , 5948.52 , 0.746528 , 1.27849 , 1.63304 , 24.3552 , 66.1439 , 76.4113 , 0
-929.212 , 23.2091 , -42.4531 , 3.68772 , nan , 0.0323649 , 0.00921362 , nan , 0.0742648 , 0.0181331 , nan , 0.89337 , 0.0272175 , 0.153294 , -0.160027 , 0.266593 , 3980.56 , 3765.27 , 3852.23 , 3158.86 , 3707.47 , 3874.89 , 2.77343 , 2.92265 , 3.1464 , 17.7131 , 19.2135 , 20.582 , -1.17213 , -0.596958 , 0.505672 , 2.10393 , 5.20036 , 6.00485 , 6582.73 , 5832.39 , 5932.85 , 0.671617 , 1.25875 , 1.60854 , 23.7364 , 63.0349 , 73.8022 , 0
-975.134 , 72.3746 , -42.4601 , 3.7505 , -0 , 0.0282775 , 0.0137482 , 0.0736518 , 0.0715657 , 0.0193384 , 0.926348 , 0.900157 , 0.0294153 , -0.170435 , -0.167664 , 0.264587 , 4885.87 , 3879.34 , 3966.64 , 3738.09 , 3704.24 , 3873.25 , 2.19005 , 2.88921 , 3.12573 , 10.9935 , 18.7734 , 20.2511 , -1.54706 , -0.68266 , 0.624142 , 1.51846 , 4.87071 , 5.79964 , 6883.9 , 6002.76 , 6097.08 , 0.804336 , 1.22699 , 1.59412 , 24.0155 , 54.291 , 63.9009 , 0
-975.134 , 72.3746 , -42.4601 , 3.7505 , -0 , 0.0282775 , 0.0137482 , 0.0736518 , 0.0715657 , 0.0193384 , 0.926348 , 0.900157 , 0.0294153 , -0.170435 , -0.167664 , 0.264587 , 4885.87 , 3879.34 , 3966.64 , 3738.09 , 3704.24 , 3873.25 , 2.19005 , 2.88921 , 3.12573 , 10.9935 , 18.7734 , 20.2511 , -1.54706 , -0.68266 , 0.624142 , 1.51846 , 4.87071 , 5.79964 , 6883.9 , 6002.76 , 6097.08 , 0.804336 , 1.22699 , 1.59412 , 24.0155 , 54.291 , 63.9009 , 0
-1000.73 , 82.0374 , -42.526 , 3.72594 , 0.0370075 , 0.0305368 , 0.01351 , 0.0710898 , 0.0745118 , 0.0171188 , 0.891903 , 0.894951 , 0.0265956 , -0.381671 , -0.174904 , 0.267848 , 4645.26 , 3941.27 , 4026.63 , 3978.4 , 3720.42 , 3888.99 , 2.36827 , 2.87422 , 3.11971 , 11.2592 , 18.4924 , 20.0495 , -1.0598 , -0.708223 , 0.641135 , 2.23979 , 4.71529 , 5.68809 , 5765.27 , 6068.16 , 6149.93 , 0.982989 , 1.21788 , 1.5932 , 17.98 , 49.1866 , 56.986 , 0
-1061.6 , 90.4781 , -42.7011 , 3.57506 , 0.0429661 , 0.0319036 , 0.0141286 , 0.0517493 , 0.0702114 , 0.0184537 , 0.905285 , 0.897885 , 0.0265903 , -0.335507 , -0.172681 , 0.267099 , 3768.25 , 3926.92 , 4012.12 , 4105.2 , 3746.72 , 3916.05 , 2.71871 , 2.91462 , 3.15033 , 16.1312 , 18.6007 , 20.1251 , -0.30749 , -0.695255 , 0.637902 , 8.07922 , 4.91092 , 5.90288 , 7099.02 , 5985.55 , 6066.3 , 1.67599 , 1.26348 , 1.63695 , 95.201 , 46.8757 , 52.8018 , 0
-1061.6 , 90.4781 , -42.7011 , 3.57506 , 0.0429661 , 0.0319036 , 0.0141286 , 0.0517493 , 0.0702114 , 0.0184537 , 0.905285 , 0.897885 , 0.0265903 , -0.335507 , -0.172681 , 0.267099 , 3768.25 , 3926.92 , 4012.12 , 4105.2 , 3746.72 , 3916.05 , 2.71871 , 2.91462 , 3.15033 , 16.1312 , 18.6007 , 20.1251 , -0.30749 , -0.695255 , 0.637902 , 8.07922 , 4.91092 , 5.90288 , 7099.02 , 5985.55 , 6066.3 , 1.67599 , 1.26348 , 1.63695 , 95.201 , 46.8757 , 52.8018 , 0
-1092.05 , 83.431 , -42.7557 , 3.52756 , 0.0249773 , 0.0285656 , 0.0120655 , 0.0542881 , 0.0629811 , 0.0100151 , 0.920735 , 0.908453 , 0.0135942 , -0.309938 , -0.179214 , 0.268376 , 3900.05 , 3934.7 , 4019.5 , 3866 , 3751.6 , 3920.79 , 2.36376 , 2.9222 , 3.16261 , 15.2501 , 18.7012 , 20.2018 , -0.311765 , -0.680924 , 0.625459 , 7.91172 , 5.07829 , 6.07606 , 7357.17 , 5992.44 , 6074.55 , 1.51681 , 1.28561 , 1.6617 , 93.1992 , 47.0789 , 53.1561 , 0
-1092.05 , 83.431 , -42.7557 , 3.52756 , 0.0249773 , 0.0285656 , 0.0120655 , 0.0542881 , 0.0629811 , 0.0100151 , 0.920735 , 0.908453 , 0.0135942 , -0.309938 , -0.179214 , 0.268376 , 3900.05 , 3934.7 , 4019.5 , 3866 , 3751.6 , 3920.79 , 2.36376 , 2.9222 , 3.16261 , 15.2501 , 18.7012 , 20.2018 , -0.311765 , -0.680924 , 0.625459 , 7.91172 , 5.07829 , 6.07606 , 7357.17 , 5992.44 , 6074.55 , 1.51681 , 1.28561 , 1.6617 , 93.1992 , 47.0789 , 53.1561 , 0
-1133.35 , 35.4919 , -42.7688 , 3.523 , 0.0502629 , 0.0316677 , 0.0143067 , 0.0988279 , 0.0685057 , 0.0164557 , 0.850909 , 0.899826 , 0.0247941 , -0.402264 , -0.190012 , 0.271605 , 5936.05 , 4117.54 , 4218.44 , 3684.96 , 3755.51 , 3924.56 , 2.02578 , 2.85583 , 3.11999 , 11.4986 , 18.4269 , 20.0262 , -1.14579 , -0.693158 , 0.634297 , 1.91771 , 5.03199 , 6.06825 , 7486.24 , 6205.84 , 6282.69 , 0.71399 , 1.28567 , 1.6728 , 50.7645 , 45.0081 , 50.5437 , 0
-1133.35 , 35.4919 , -42.7688 , 3.523 , 0.0502629 , 0.0316677 , 0.0143067 , 0.0988279 , 0.0685057 , 0.0164557 , 0.850909 , 0.899826 , 0.0247941 , -0.402264 , -0.190012 , 0.271605 , 5936.05 , 4117.54 , 4218.44 , 3684.96 , 3755.51 , 3924.56 , 2.02578 , 2.85583 , 3.11999 , 11.4986 , 18.4269 , 20.0262 , -1.14579 , -0.693158 , 0.634297 , 1.91771 , 5.03199 , 6.06825 , 7486.24 , 6205.84 , 6282.69 , 0.71399 , 1.28567 , 1.6728 , 50.7645 , 45.0081 , 50.5437 , 0
-1373.24 , 480.841 , -42.7825 , 3.47674 , -0 , 0.0253342 , 0.0180056 , 0.119248 , 0.0836873 , 0.0355699 , 0.880752 , 0.890978 , 0.0305223 , -0.341456 , -0.213094 , 0.275893 , 6171.6 , 4343.18 , 4464.84 , 3880.01 , 3787.78 , 3954.04 , 2.23505 , 2.80468 , 3.09931 , 11.5226 , 18.0136 , 19.7632 , -1.46527 , -0.7543 , 0.698822 , 1.48071 , 4.86582 , 6.01351 , 7486.24 , 6360.73 , 6441.3 , 0.736751 , 1.27364 , 1.68617 , 45.682 , 42.1469 , 46.7915 , 0
-1533.28 , 566.431 , -42.9718 , 3.28642 , -0 , 0.0211118 , 0.0189555 , 0.191174 , 0.0930513 , 0.0439481 , 0.808826 , 0.885837 , 0.0367041 , -0.220725 , -0.237596 , 0.257844 , 5907.54 , 4530.25 , 4664.66 , 3327.33 , 3800.9 , 3965.37 , 1.73265 , 2.75933 , 3.08906 , 10.0737 , 17.643 , 19.5461 , -1.38214 , -0.804532 , 0.74606 , 1.59495 , 4.74928 , 5.98638 , 7529.27 , 6371.05 , 6453.11 , 0.581915 , 1.26342 , 1.70223 , 39.9493 , 41.2742 , 45.9198 , 0
-1533.28 , 566.431 , -42.9718 , 3.28642 , -0 , 0.0211118 , 0.0189555 , 0.191174 , 0.0930513 , 0.0439481 , 0.808826 , 0.885837 , 0.0367041 , -0.220725 , -0.237596 , 0.257844 , 5907.54 , 4530.25 , 4664.66 , 3327.33 , 3800.9 , 3965.37 , 1.73265 , 2.75933 , 3.08906 , 10.0737 , 17.643 , 19.5461 , -1.38214 , -0.804532 , 0.74606 , 1.59495 , 4.74928 , 5.98638 , 7529.27 , 6371.05 , 6453.11 , 0.581915 , 1.26342 , 1.70223 , 39.9493 , 41.2742 , 45.9198 , 0
-1595.48 , 585.307 , -43.1441 , 3.21392 , -0 , 0.0194878 , 0.0190609 , 0.109018 , 0.0942795 , 0.0424378 , 0.890982 , 0.886233 , 0.0352908 , -0.224426 , -0.253817 , 0.243341 , 5649.05 , 4612.32 , 4745.31 , 3582.31 , 3826.12 , 3986.1 , 1.8546 , 2.7155 , 3.06707 , 10.6699 , 17.243 , 19.2325 , -0.967427 , -0.80097 , 0.73012 , 2.30928 , 4.74638 , 5.99865 , 7357.17 , 6451.94 , 6532.19 , 0.717177 , 1.26773 , 1.71886 , 34.7704 , 40.9383 , 45.6467 , 0
-1546.95 , 558.784 , -43.4917 , 3.1396 , 0.045617 , 0.0242698 , 0.0218209 , 0.0662515 , 0.0920423 , 0.0401278 , 0.888131 , 0.883688 , 0.0343539 , -0.458349 , -0.285777 , 0.231893 , 4870.68 , 4774.13 , 4879.57 , 4627.87 , 3953.15 , 4099.42 , 2.01843 , 2.51991 , 2.87202 , 10.998 , 15.1709 , 16.4919 , -0.18874 , -0.780285 , 0.701374 , 12.3704 , 5.06517 , 6.46285 , 7271.12 , 6699.76 , 6748.16 , 2.43301 , 1.33806 , 1.82115 , 102.99 , 43.3393 , 49.3692 , 0
-1546.95 , 558.784 , -43.4917 , 3.1396 , 0.045617 , 0.0242698 , 0.0218209 , 0.0662515 , 0.0920423 , 0.0401278 , 0.888131 , 0.883688 , 0.0343539 , -0.458349 , -0.285777 , 0.231893 , 4870.68 , 4774.13 , 4879.57 , 4627.87 , 3953.15 , 4099.42 , 2.01843 , 2.51991 , 2.87202 , 10.998 , 15.1709 , 16.4919 , -0.18874 , -0.780285 , 0.701374 , 12.3704 , 5.06517 , 6.46285 , 7271.12 , 6699.76 , 6748.16 , 2.43301 , 1.33806 , 1.82115 , 102.99 , 43.3393 , 49.3692 , 0
-1526.38 , 546.875 , -43.669 , 3.08516 , -0 , 0.022753 , 0.0219296 , 0.0563948 , 0.0898143 , 0.0398003 , 0.943605 , 0.887433 , 0.0362875 , -0.704395 , -0.316535 , 0.234369 , 3736.45 , 4795.45 , 4894.75 , 4898.2 , 4039.74 , 4179.28 , 2.84869 , 2.48813 , 2.86279 , 14.4242 , 14.5273 , 15.6078 , -0.123315 , -0.757567 , 0.677 , 20.1815 , 5.72401 , 7.6326 , 3829.17 , 6644.69 , 6711.22 , 3.11993 , 1.42915 , 1.95859 , 142.267 , 47.7008 , 56.6409 , 0
-1526.38 , 546.875 , -43.669 , 3.08516 , -0 , 0.022753 , 0.0219296 , 0.0563948 , 0.0898143 , 0.0398003 , 0.943605 , 0.887433 , 0.0362875 , -0.704395 , -0.316535 , 0.234369 , 3736.45 , 4795.45 , 4894.75 , 4898.2 , 4039.74 , 4179.28 , 2.84869 , 2.48813 , 2.86279 , 14.4242 , 14.5273 , 15.6078 , -0.123315 , -0.757567 , 0.677 , 20.1815 , 5.72401 , 7.6326 , 3829.17 , 6644.69 , 6711.22 , 3.11993 , 1.42915 , 1.95859 , 142.267 , 47.7008 , 56.6409 , 0
-1500.09 , 520.95 , -43.8877 , 3.06802 , 0.0463951 , 0.0228024 , 0.0220745 , 0.111831 , 0.0879202 , 0.0400788 , 0.841774 , 0.889277 , 0.0403537 , -0.7611 , -0.377736 , 0.294099 , 5603.82 , 4907.21 , 4991.63 , 5460.86 , 4214.87 , 4355.78 , 1.88398 , 2.37636 , 2.79274 , 8.551 , 13.2359 , 14.0189 , -0.113359 , -0.726285 , 0.642077 , 19.698 , 7.06504 , 9.84449 , 7185.07 , 6532.82 , 6698.07 , 3.74933 , 1.63975 , 2.28784 , 84.776 , 54.0304 , 64.9099 , 0
-1500.09 , 520.95 , -43.8877 , 3.06802 , 0.0463951 , 0.0228024 , 0.0220745 , 0.111831 , 0.0879202 , 0.0400788 , 0.841774 , 0.889277 , 0.0403537 , -0.7611 , -0.377736 , 0.294099 , 5603.82 , 4907.21 , 4991.63 , 5460.86 , 4214.87 , 4355.78 , 1.88398 , 2.37636 , 2.79274 , 8.551 , 13.2359 , 14.0189 , -0.113359 , -0.726285 , 0.642077 , 19.698 , 7.06504 , 9.84449 , 7185.07 , 6532.82 , 6698.07 , 3.74933 , 1.63975 , 2.28784 , 84.776 , 54.0304 , 64.9099 , 0
-1500.09 , 520.95 , -43.6328 , 3.58149 , nan , 0.0228024 , 0.0220745 , nan , 0.0879202 , 0.0400788 , nan , 0.889277 , 0.0403537 , -0.262894 , -0.356932 , 0.282566 , 10131.8 , 5468.47 , 5788.35 , 3483.39 , 3975.16 , 4029.87 , 0.973143 , 2.21321 , 2.62821 , 6.60768 , 12.7274 , 13.5413 , -0.872834 , -0.755764 , 0.660533 , 1.77721 , 6.51876 , 9.41263 , 12950.3 , 7059.44 , 7394.08 , 0.902138 , 1.49809 , 2.09542 , 30.2052 , 52.965 , 64.3661 , 0
-1500.09 , 520.95 , -43.3256 , 3.99029 , nan , 0.0228024 , 0.0220745 , nan , 0.0879202 , 0.0400788 , nan , 0.889277 , 0.0403537 , -0.330471 , -0.329991 , 0.259138 , 9873 , 5672.84 , 6041.21 , 3388.72 , 3884.58 , 3936.33 , 1.05246 , 2.06097 , 2.45951 , 6.75165 , 11.8831 , 12.7241 , -1.61678 , -0.862594 , 0.759312 , 1.02716 , 5.72874 , 8.84105 , 12821.3 , 7548.2 , 8016.24 , 0.70542 , 1.34894 , 1.92389 , 17.3678 , 52.5001 , 64.1788 , 0
-1500.09 , 520.95 , -43.3256 , 3.99029 , nan , 0.0228024 , 0.0220745 , nan , 0.0879202 , 0.0400788 , nan , 0.889277 , 0.0403537 , -0.330471 , -0.329991 , 0.259138 , 9873 , 5672.84 , 6041.21 , 3388.72 , 3884.58 , 3936.33 , 1.05246 , 2.06097 , 2.45951 , 6.75165 , 11.8831 , 12.7241 , -1.61678 , -0.862594 , 0.759312 , 1.02716 , 5.72874 , 8.84105 , 12821.3 , 7548.2 , 8016.24 , 0.70542 , 1.34894 , 1.92389 , 17.3678 , 52.5001 , 64.1788 , 0
-1500.09 , 520.95 , -42.9432 , 4.3352 , nan , 0.0228024 , 0.0220745 , nan , 0.0879202 , 0.0400788 , nan , 0.889277 , 0.0403537 , -0.2371 , -0.337063 , 0.254044 , 8041.04 , 5831.1 , 6198.01 , 3609.38 , 3899.85 , 3949.57 , 0.757533 , 1.98121 , 2.39779 , 6.31437 , 11.3347 , 12.1352 , -1.89603 , -0.917833 , 0.815487 , 1.01138 , 5.57954 , 8.79153 , 10713.1 , 7704.81 , 8185.52 , 0.649164 , 1.33002 , 1.91804 , 13.2185 , 51.974 , 64.0194 , 0
-1551.79 , 518.083 , -42.1123 , 4.55011 , -0 , 0.0205221 , 0.0220307 , 0.302581 , 0.107351 , 0.0698928 , 0.697419 , 0.872127 , 0.064453 , -0.0261912 , -0.353614 , 0.236507 , 4810.92 , 5938.04 , 6280.49 , 3155.51 , 3929 , 3975.37 , 1.81233 , 1.88954 , 2.31989 , 11.5598 , 10.6368 , 11.3735 , -2.56202 , -1.02124 , 0.962788 , 0.933057 , 5.46952 , 8.77699 , 7400.2 , 7790.86 , 8262.04 , 0.535715 , 1.32099 , 1.92778 , 24.3839 , 51.686 , 63.9408 , 0
-1551.79 , 518.083 , -42.1123 , 4.55011 , -0 , 0.0205221 , 0.0220307 , 0.302581 , 0.107351 , 0.0698928 , 0.697419 , 0.872127 , 0.064453 , -0.0261912 , -0.353614 , 0.236507 , 4810.92 , 5938.04 , 6280.49 , 3155.51 , 3929 , 3975.37 , 1.81233 , 1.88954 , 2.31989 , 11.5598 , 10.6368 , 11.3735 , -2.56202 , -1.02124 , 0.962788 , 0.933057 , 5.46952 , 8.77699 , 7400.2 , 7790.86 , 8262.04 , 0.535715 , 1.32099 , 1.92778 , 24.3839 , 51.686 , 63.9408 , 0
-1598.7 , 515.953 , -41.7518 , 4.39437 , -0 , 0.0192143 , 0.0224301 , 0.0886239 , 0.109484 , 0.0686255 , 0.911376 , 0.871301 , 0.063836 , -0.0489372 , -0.349591 , 0.240762 , 4574.65 , 5947.83 , 6287.43 , 3024.83 , 3927.98 , 3974.58 , 2.05787 , 1.87779 , 2.30301 , 15.0097 , 10.6257 , 11.3545 , -2.86133 , -1.07577 , 1.06393 , 0.851254 , 5.43885 , 8.76878 , 7357.17 , 7811.51 , 8279.76 , 0.474099 , 1.31515 , 1.92157 , 26.3871 , 51.8458 , 63.9993 , 0
-1598.7 , 515.953 , -41.7518 , 4.39437 , -0 , 0.0192143 , 0.0224301 , 0.0886239 , 0.109484 , 0.0686255 , 0.911376 , 0.871301 , 0.063836 , -0.0489372 , -0.349591 , 0.240762 , 4574.65 , 5947.83 , 6287.43 , 3024.83 , 3927.98 , 3974.58 , 2.05787 , 1.87779 , 2.30301 , 15.0097 , 10.6257 , 11.3545 , -2.86133 , -1.07577 , 1.06393 , 0.851254 , 5.43885 , 8.76878 , 7357.17 , 7811.51 , 8279.76 , 0.474099 , 1.31515 , 1.92157 , 26.3871 , 51.8458 , 63.9993 , 0
-1598.7 , 515.953 , -41.7518 , 4.39437 , -0 , 0.0192143 , 0.0224301 , 0.0886239 , 0.109484 , 0.0686255 , 0.911376 , 0.871301 , 0.063836 , -0.0489372 , -0.349591 , 0.240762 , 4574.65 , 5947.83 , 6287.43 , 3024.83 , 3927.98 , 3974.58 , 2.05787 , 1.87779 , 2.30301 , 15.0097 , 10.6257 , 11.3545 , -2.86133 , -1.07577 , 1.06393 , 0.851254 , 5.43885 , 8.76878 , 7357.17 , 7811.51 , 8279.76 , 0.474099 , 1.31515 , 1.92157 , 26.3871 , 51.8458 , 63.9993 , 0
-1688.71 , 501.972 , -41.3219 , 3.91944 , -0 , 0.0173639 , 0.0224124 , 0.109484 , 0.113121 , 0.0675163 , 0.890516 , 0.869515 , 0.0627616 , -0.0340799 , -0.332901 , 0.25064 , 4253.06 , 5909.54 , 6259.7 , 2885.51 , 3854.28 , 3910.93 , 1.8441 , 1.85389 , 2.26118 , 14.2609 , 10.9379 , 11.7037 , -2.57528 , -1.18205 , 1.22453 , 0.959018 , 5.36353 , 8.74219 , 7357.17 , 7894.12 , 8346.23 , 0.426783 , 1.27944 , 1.88808 , 23.2646 , 52.0646 , 64.0577 , 0
-1800.43 , 466.825 , -41.5678 , 4.04187 , nan , 0.0129753 , 0.0221616 , nan , 0.125604 , 0.0656077 , nan , 0.861421 , 0.0622498 , -0.309686 , -0.310992 , 0.26558 , 3489.68 , 5921.7 , 6268.07 , 3384.15 , 3751.93 , 3814.48 , 2.76407 , 1.82769 , 2.21064 , 16.2852 , 10.8522 , 11.577 , -0.878896 , -1.32853 , 1.32514 , 2.87786 , 4.6713 , 8.3192 , 7228.1 , 7981.89 , 8411.25 , 0.886485 , 1.16081 , 1.7736 , 39.6431 , 45.4999 , 57.5421 , 0
-1838.41 , 450.15 , -41.9176 , 4.67178 , nan , 0.0115202 , 0.0218676 , nan , 0.127949 , 0.0666259 , nan , 0.860531 , 0.0638378 , -0.448375 , -0.324427 , 0.263688 , 4000.73 , 5871.23 , 6230.68 , 4154.75 , 3764.87 , 3828.02 , 2.92393 , 1.87189 , 2.27659 , 16.5427 , 11.037 , 11.8198 , -0.266368 , -1.31889 , 1.3144 , 9.20432 , 4.85953 , 8.48791 , 7185.07 , 7976.72 , 8406.82 , 2.02759 , 1.19304 , 1.81962 , 46.695 , 45.2034 , 57.2908 , 0
-1838.41 , 450.15 , -41.9176 , 4.67178 , nan , 0.0115202 , 0.0218676 , nan , 0.127949 , 0.0666259 , nan , 0.860531 , 0.0638378 , -0.448375 , -0.324427 , 0.263688 , 4000.73 , 5871.23 , 6230.68 , 4154.75 , 3764.87 , 3828.02 , 2.92393 , 1.87189 , 2.27659 , 16.5427 , 11.037 , 11.8198 , -0.266368 , -1.31889 , 1.3144 , 9.20432 , 4.85953 , 8.48791 , 7185.07 , 7976.72 , 8406.82 , 2.02759 , 1.19304 , 1.81962 , 46.695 , 45.2034 , 57.2908 , 0
-1879.74 , 428.712 , -42.3984 , 5.54694 , nan , 0.00924123 , 0.0203183 , nan , 0.129662 , 0.0681711 , nan , 0.861097 , 0.0656447 , -0.494168 , -0.328103 , 0.265383 , 3844.64 , 5787.58 , 6164.67 , 4201.86 , 3785.54 , 3849.27 , 3.45727 , 1.92915 , 2.35596 , 20.002 , 11.3771 , 12.2772 , -0.166103 , -1.2797 , 1.30179 , 14.8828 , 5.37813 , 9.00755 , 5808.29 , 7909.6 , 8353.58 , 2.62992 , 1.26968 , 1.90493 , 30.5984 , 44.3967 , 56.7134 , 0
-1819.34 , 421.034 , -42.4926 , 6.04917 , nan , 0.0104734 , 0.0213301 , nan , 0.127695 , 0.0717608 , nan , 0.861832 , 0.0692442 , -0.838965 , -0.356074 , 0.289185 , 4688.98 , 5659.81 , 6052.85 , 5298.95 , 3894.18 , 3973.71 , 2.98104 , 2.00833 , 2.47914 , 13.9579 , 11.6874 , 12.6343 , -0.0819909 , -1.16851 , 1.24333 , 28.7486 , 7.31037 , 11.6595 , 6926.93 , 7851.09 , 8303.72 , 4.69322 , 1.55607 , 2.31611 , 33.3629 , 43.2952 , 55.9694 , 0
-1819.34 , 421.034 , -42.4926 , 6.04917 , nan , 0.0104734 , 0.0213301 , nan , 0.127695 , 0.0717608 , nan , 0.861832 , 0.0692442 , -0.838965 , -0.356074 , 0.289185 , 4688.98 , 5659.81 , 6052.85 , 5298.95 , 3894.18 , 3973.71 , 2.98104 , 2.00833 , 2.47914 , 13.9579 , 11.6874 , 12.6343 , -0.0819909 , -1.16851 , 1.24333 , 28.7486 , 7.31037 , 11.6595 , 6926.93 , 7851.09 , 8303.72 , 4.69322 , 1.55607 , 2.31611 , 33.3629 , 43.2952 , 55.9694 , 0
-1780.84 , 409.505 , -42.5159 , 6.12473 , nan , 0.0112215 , 0.0218878 , nan , 0.130489 , 0.0734867 , nan , 0.858289 , 0.0703489 , -1.25482 , -0.400699 , 0.33476 , 5098.64 , 5616.24 , 6012.13 , 5565.63 , 3973.99 , 4064.47 , 2.73618 , 2.04423 , 2.55971 , 12.3069 , 11.7897 , 12.7687 , -0.0598584 , -1.10744 , 1.19321 , 38.4496 , 8.79364 , 14.0313 , 7056 , 7833.88 , 8288.68 , 5.71549 , 1.75816 , 2.64349 , 31.2518 , 43.0107 , 55.8251 , 0
-1780.84 , 409.505 , -42.5159 , 6.12473 , nan , 0.0112215 , 0.0218878 , nan , 0.130489 , 0.0734867 , nan , 0.858289 , 0.0703489 , -1.25482 , -0.400699 , 0.33476 , 5098.64 , 5616.24 , 6012.13 , 5565.63 , 3973.99 , 4064.47 , 2.73618 , 2.04423 , 2.55971 , 12.3069 , 11.7897 , 12.7687 , -0.0598584 , -1.10744 , 1.19321 , 38.4496 , 8.79364 , 14.0313 , 7056 , 7833.88 , 8288.68 , 5.71549 , 1.75816 , 2.64349 , 31.2518 , 43.0107 , 55.8251 , 0
-1690.11 , 371.451 , -42.599 , 6.21724 , nan , 0.0130917 , 0.0231179 , nan , 0.127222 , 0.0770996 , nan , 0.859687 , 0.0740195 , -1.12094 , -0.459791 , 0.36498 , 5969.49 , 5612.65 , 6009.01 , 6242.96 , 4161.36 , 4274.2 , 2.08803 , 2.08023 , 2.65041 , 8.30165 , 11.7283 , 12.7801 , -0.045498 , -1.01814 , 1.14554 , 47.9862 , 11.8131 , 18.2206 , 7873.46 , 7847.65 , 8301.52 , 7.03437 , 2.19212 , 3.26142 , 29.2569 , 42.0625 , 55.3325 , 0
-1690.11 , 371.451 , -42.599 , 6.21724 , nan , 0.0130917 , 0.0231179 , nan , 0.127222 , 0.0770996 , nan , 0.859687 , 0.0740195 , -1.12094 , -0.459791 , 0.36498 , 5969.49 , 5612.65 , 6009.01 , 6242.96 , 4161.36 , 4274.2 , 2.08803 , 2.08023 , 2.65041 , 8.30165 , 11.7283 , 12.7801 , -0.045498 , -1.01814 , 1.14554 , 47.9862 , 11.8131 , 18.2206 , 7873.46 , 7847.65 , 8301.52 , 7.03437 , 2.19212 , 3.26142 , 29.2569 , 42.0625 , 55.3325 , 0
-1781.82 , 339.205 , -42.7139 , 6.22811 , nan , 0.00463951 , 0.0139185 , nan , 0.137166 , 0.080713 , nan , 0.858195 , 0.0804564 , -0.952114 , -0.517872 , 0.404515 , 6816.49 , 5731.24 , 6121.94 , 5959.64 , 4309.31 , 4454.47 , 2.03564 , 2.08998 , 2.71509 , 8.29688 , 11.5289 , 12.6816 , -0.0485947 , -0.993421 , 1.12448 , 42.5554 , 15.084 , 22.9775 , 10239.8 , 8026.63 , 8483.97 , 6.55297 , 2.61338 , 3.89402 , 20.1443 , 37.904 , 50.9575 , 0
-1915.32 , 233.441 , -43.5071 , 6.87945 , nan , 0.00579939 , 0.0153437 , nan , 0.160195 , 0.0738872 , nan , 0.834005 , 0.0716504 , -0.660978 , -0.503876 , 0.388374 , 7086.58 , 6007.79 , 6364.44 , 4063.53 , 4266.96 , 4410.13 , 2.53127 , 2.05467 , 2.66151 , 14.6681 , 11.4423 , 12.5889 , -0.149557 , -0.993545 , 1.13046 , 13.5807 , 14.8581 , 22.8095 , 9938.63 , 8649.62 , 8911.52 , 2.72197 , 2.62538 , 3.90174 , 38.2217 , 29.2347 , 32.7017 , 0
-1915.32 , 233.441 , -43.5071 , 6.87945 , nan , 0.00579939 , 0.0153437 , nan , 0.160195 , 0.0738872 , nan , 0.834005 , 0.0716504 , -0.660978 , -0.503876 , 0.388374 , 7086.58 , 6007.79 , 6364.44 , 4063.53 , 4266.96 , 4410.13 , 2.53127 , 2.05467 , 2.66151 , 14.6681 , 11.4423 , 12.5889 , -0.149557 , -0.993545 , 1.13046 , 13.5807 , 14.8581 , 22.8095 , 9938.63 , 8649.62 , 8911.52 , 2.72197 , 2.62538 , 3.90174 , 38.2217 , 29.2347 , 32.7017 , 0
-2002.99 , 28.0633 , -44.1743 , 7.37526 , nan , 0 , 0 , nan , 0.167104 , 0.0765332 , nan , 0.832896 , 0.0765332 , -0.474213 , -0.492401 , 0.384826 , 7153.78 , 6069.79 , 6426.27 , 3806.85 , 4200.8 , 4340.04 , 2.53048 , 2.08053 , 2.67669 , 15.5637 , 11.7228 , 12.8549 , -0.15375 , -0.99516 , 1.13497 , 13.1511 , 14.5962 , 22.6066 , 9852.58 , 8756.32 , 9012.94 , 2.59352 , 2.57915 , 3.84878 , 30.1776 , 27.0508 , 28.5573 , 0
-2002.99 , 28.0633 , -45.4344 , 8.16181 , nan , 0 , 0 , nan , 0.167104 , 0.0765332 , nan , 0.832896 , 0.0765332 , -0.638056 , -0.506158 , 0.382689 , 6340.06 , 5791.79 , 6054.39 , 3879.07 , 4213.83 , 4350.72 , 2.60727 , 2.20956 , 2.7946 , 14.6724 , 12.2993 , 13.3453 , -0.205807 , -0.96307 , 1.12953 , 10.3625 , 15.2464 , 22.8541 , 7443.22 , 8432.78 , 8629.88 , 2.21816 , 2.66949 , 3.91554 , 50.8591 , 28.8004 , 30.6459 , 0
-2002.99 , 28.0633 , -45.4344 , 8.16181 , nan , 0 , 0 , nan , 0.167104 , 0.0765332 , nan , 0.832896 , 0.0765332 , -0.638056 , -0.506158 , 0.382689 , 6340.06 , 5791.79 , 6054.39 , 3879.07 , 4213.83 , 4350.72 , 2.60727 , 2.20956 , 2.7946 , 14.6724 , 12.2993 , 13.3453 , -0.205807 , -0.96307 , 1.12953 , 10.3625 , 15.2464 , 22.8541 , 7443.22 , 8432.78 , 8629.88 , 2.21816 , 2.66949 , 3.91554 , 50.8591 , 28.8004 , 30.6459 , 0
-2002.99 , 28.0633 , -46.06 , 8.62268 , nan , 0 , 0 , nan , 0.167104 , 0.0765332 , nan , 0.832896 , 0.0765332 , -0.613256 , -0.521738 , 0.378783 , 6419.99 , 5643.32 , 5847.92 , 3967.82 , 4236.78 , 4370.12 , 2.72071 , 2.27421 , 2.8652 , 15.343 , 12.6501 , 13.6584 , -0.190163 , -0.911466 , 1.10883 , 11.1576 , 15.6488 , 22.9815 , 7615.32 , 8221.1 , 8374.4 , 2.49148 , 2.74239 , 3.96701 , 37.9974 , 29.3885 , 31.2529 , 0
-2002.99 , 28.0633 , -46.06 , 8.62268 , nan , 0 , 0 , nan , 0.167104 , 0.0765332 , nan , 0.832896 , 0.0765332 , -0.613256 , -0.521738 , 0.378783 , 6419.99 , 5643.32 , 5847.92 , 3967.82 , 4236.78 , 4370.12 , 2.72071 , 2.27421 , 2.8652 , 15.343 , 12.6501 , 13.6584 , -0.190163 , -0.911466 , 1.10883 , 11.1576 , 15.6488 , 22.9815 , 7615.32 , 8221.1 , 8374.4 , 2.49148 , 2.74239 , 3.96701 , 37.9974 , 29.3885 , 31.2529 , 0
-2002.99 , 28.0633 , -46.3274 , 9.25896 , nan , 0 , 0 , nan , 0.167104 , 0.0765332 , nan , 0.832896 , 0.0765332 , -0.73295 , -0.548961 , 0.373922 , 6622.37 , 5465.76 , 5598.71 , 3964.42 , 4281.2 , 4408.32 , 2.74517 , 2.41436 , 3.00238 , 15.3523 , 13.301 , 14.2062 , -0.171168 , -0.784076 , 1.05009 , 12.2349 , 16.5826 , 23.2997 , 9035.12 , 8023.19 , 8116.6 , 2.51423 , 2.90338 , 4.07882 , 27.334 , 30.3803 , 31.965 , 0
-2002.99 , 28.0633 , -46.3274 , 9.25896 , nan , 0 , 0 , nan , 0.167104 , 0.0765332 , nan , 0.832896 , 0.0765332 , -0.73295 , -0.548961 , 0.373922 , 6622.37 , 5465.76 , 5598.71 , 3964.42 , 4281.2 , 4408.32 , 2.74517 , 2.41436 , 3.00238 , 15.3523 , 13.301 , 14.2062 , -0.171168 , -0.784076 , 1.05009 , 12.2349 , 16.5826 , 23.2997 , 9035.12 , 8023.19 , 8116.6 , 2.51423 , 2.90338 , 4.07882 , 27.334 , 30.3803 , 31.965 , 0
-1997.35 , 24.0434 , -45.7653 , 9.44297 , nan , 0 , 0 , nan , 0.121056 , 0.0247589 , nan , 0.878944 , 0.0247589 , -0.782781 , -0.599177 , 0.359496 , 6690.64 , 5576.15 , 5714.78 , 4750.32 , 4362.8 , 4481.5 , 2.77657 , 2.5137 , 3.13914 , 13.6496 , 13.7207 , 14.5853 , -0.0744613 , -0.604082 , 0.924232 , 28.0001 , 18.3336 , 24.3019 , 7314.15 , 8024.91 , 8118.77 , 4.63864 , 3.17862 , 4.31507 , 42.5793 , 31.7247 , 33.2426 , 0
-1997.35 , 24.0434 , -45.7653 , 9.44297 , nan , 0 , 0 , nan , 0.121056 , 0.0247589 , nan , 0.878944 , 0.0247589 , -0.782781 , -0.599177 , 0.359496 , 6690.64 , 5576.15 , 5714.78 , 4750.32 , 4362.8 , 4481.5 , 2.77657 , 2.5137 , 3.13914 , 13.6496 , 13.7207 , 14.5853 , -0.0744613 , -0.604082 , 0.924232 , 28.0001 , 18.3336 , 24.3019 , 7314.15 , 8024.91 , 8118.77 , 4.63864 , 3.17862 , 4.31507 , 42.5793 , 31.7247 , 33.2426 , 0
-1982.4 , 20.1062 , -45.9616 , 9.90416 , nan , 0 , 0 , nan , 0.136224 , 0.0195976 , nan , 0.863776 , 0.0195976 , -1.26137 , -0.68669 , 0.355209 , 8049.67 , 5830.69 , 5978.88 , 6848.83 , 4619.47 , 4741.74 , 1.82091 , 2.51221 , 3.22541 , 6.33631 , 13.1357 , 14.1751 , -0.0310111 , -0.385289 , 0.738232 , 61.2776 , 22.3537 , 28.5794 , 10239.8 , 8250.36 , 8358.78 , 9.01671 , 3.75242 , 4.98833 , 24.7877 , 31.6885 , 33.2983 , 0
-1969.3 , 0 , -46.6701 , 10.2335 , nan , 0 , 0 , nan , 0.143281 , 0 , nan , 0.856719 , 0 , -1.79383 , -0.819392 , 0.380317 , 9806.11 , 6234.42 , 6422.33 , 8273.14 , 5018.6 , 5179.13 , 1.1754 , 2.47151 , 3.328 , 3.73802 , 12.3831 , 13.7783 , -0.0145287 , -0.19522 , 0.702287 , 114.348 , 30.3709 , 40.8633 , 13294.5 , 8613.48 , 8775.47 , 14.4282 , 4.75868 , 6.43884 , 12.6823 , 30.876 , 32.9517 , 0
nan , nan , -47.3064 , 10.2169 , nan , nan , nan , nan , nan , nan , nan , nan , nan , -1.5418 , -0.877468 , 0.375308 , 9586.92 , 6460.23 , 6656 , 8532.98 , 5227.93 , 5413.06 , 1.13233 , 2.42004 , 3.34486 , 3.64609 , 11.9829 , 13.5556 , -0.0127013 , -0.13365 , 0.762099 , 133.172 , 35.6339 , 48.9077 , 13423.6 , 8861.3 , 9062.46 , 15.751 , 5.36283 , 7.28541 , 13.6023 , 30.1593 , 32.4946 , 0
nan , nan , -47.3064 , 10.2169 , nan , nan , nan , nan , nan , nan , nan , nan , nan , -1.5418 , -0.877468 , 0.375308 , 9586.92 , 6460.23 , 6656 , 8532.98 , 5227.93 , 5413.06 , 1.13233 , 2.42004 , 3.34486 , 3.64609 , 11.9829 , 13.5556 , -0.0127013 , -0.13365 , 0.762099 , 133.172 , 35.6339 , 48.9077 , 13423.6 , 8861.3 , 9062.46 , 15.751 , 5.36283 , 7.28541 , 13.6023 , 30.1593 , 32.4946 , 0
nan , nan , -48.7636 , 9.8722 , nan , nan , nan , nan , nan , nan , nan , nan , nan , -1.69147 , -0.932739 , 0.389114 , 9906.28 , 6716.89 , 6909.54 , 8221.84 , 5421.44 , 5616.76 , 1.10296 , 2.3536 , 3.34287 , 3.85304 , 11.4856 , 13.1999 , -0.011185 , -0.0989412 , 0.836617 , 147.341 , 41.4124 , 57.2261 , 14499.2 , 9152.15 , 9404.74 , 16.593 , 5.9911 , 8.11935 , 11.871 , 29.0484 , 31.6234 , 0
nan , nan , -50.816 , 8.30094 , nan , nan , nan , nan , nan , nan , nan , nan , nan , -1.06204 , -1.00178 , 0.385216 , 9078.62 , 7146.28 , 7308.9 , 5365.84 , 5611.97 , 5805.97 , 1.7733 , 2.22389 , 3.27928 , 8.65835 , 10.5587 , 12.2897 , -0.0368658 , -0.083671 , 0.920076 , 47.7499 , 47.2766 , 63.0553 , 10842.1 , 9591 , 9829.89 , 6.94096 , 6.68337 , 8.87614 , 20.5241 , 27.3333 , 30.0108 , 0
nan , nan , -50.816 , 8.30094 , nan , nan , nan , nan , nan , nan , nan , nan , nan , -1.06204 , -1.00178 , 0.385216 , 9078.62 , 7146.28 , 7308.9 , 5365.84 , 5611.97 , 5805.97 , 1.7733 , 2.22389 , 3.27928 , 8.65835 , 10.5587 , 12.2897 , -0.0368658 , -0.083671 , 0.920076 , 47.7499 , 47.2766 , 63.0553 , 10842.1 , 9591 , 9829.89 , 6.94096 , 6.68337 , 8.87614 , 20.5241 , 27.3333 , 30.0108 , 0
nan , nan , -51.672 , 7.47081 , nan , nan , nan , nan , nan , nan , nan , nan , nan , -0.238261 , -0.985351 , 0.407995 , 8796.08 , 7321.35 , 7465.5 , 3316.04 , 5544.31 , 5757.23 , 1.06819 , 2.138 , 3.17975 , 9.39929 , 10.308 , 11.9949 , -0.285277 , -0.0908238 , 0.897414 , 6.3057 , 46.6294 , 62.8846 , 11057.3 , 9769.98 , 9989.2 , 1.57961 , 6.59163 , 8.82341 , 14.2561 , 26.6769 , 29.4777 , 0
nan , nan , -51.672 , 7.47081 , nan , nan , nan , nan , nan , nan , nan , nan , nan , -0.238261 , -0.985351 , 0.407995 , 8796.08 , 7321.35 , 7465.5 , 3316.04 , 5544.31 , 5757.23 , 1.06819 , 2.138 , 3.17975 , 9.39929 , 10.308 , 11.9949 , -0.285277 , -0.0908238 , 0.897414 , 6.3057 , 46.6294 , 62.8846 , 11057.3 , 9769.98 , 9989.2 , 1.57961 , 6.59163 , 8.82341 , 14.2561 , 26.6769 , 29.4777 , 0
nan , nan , -51.672 , 7.47081 , nan , nan , nan , nan , nan , nan , nan , nan , nan , -0.238261 , -0.985351 , 0.407995 , 8796.08 , 7321.35 , 7465.5 , 3316.04 , 5544.31 , 5757.23 , 1.06819 , 2.138 , 3.17975 , 9.39929 , 10.308 , 11.9949 , -0.285277 , -0.0908238 , 0.897414 , 6.3057 , 46.6294 , 62.8846 , 11057.3 , 9769.98 , 9989.2 , 1.57961 , 6.59163 , 8.82341 , 14.2561 , 26.6769 , 29.4777 , 0
nan , nan , -51.7545 , 7.79228 , nan , nan , nan , nan , nan , nan , nan , nan , nan , -0.21061 , -0.907417 , 0.474108 , 10294.3 , 7718.32 , 7848.6 , 2982.87 , 5350.56 , 5613.14 , 0.375056 , 1.94733 , 2.94074 , 6.37898 , 9.7848 , 11.437 , -1.11065 , -0.156343 , 0.787358 , 1.43935 , 44.1016 , 62.0534 , 13036.4 , 10236.4 , 10441.6 , 0.619974 , 6.23546 , 8.59594 , 16.9949 , 25.5855 , 28.4104 , 0
nan , nan , -48.5927 , 11.6171 , nan , nan , nan , nan , nan , nan , nan , nan , nan , -0.224412 , -0.814222 , 0.50616 , 11341.7 , 8347.5 , 8502.12 , 3240.95 , 4996.67 , 5315.1 , 0.785992 , 1.76653 , 2.7035 , 5.70636 , 9.4216 , 11.0712 , -1.71646 , -0.335239 , 0.696228 , 0.851239 , 38.8012 , 59.8041 , 14370.1 , 10962.6 , 11183.4 , 0.633822 , 5.51468 , 8.12709 , 16.3844 , 24.8687 , 27.7283 , 0
nan , nan , -48.5927 , 11.6171 , nan , nan , nan , nan , nan , nan , nan , nan , nan , -0.224412 , -0.814222 , 0.50616 , 11341.7 , 8347.5 , 8502.12 , 3240.95 , 4996.67 , 5315.1 , 0.785992 , 1.76653 , 2.7035 , 5.70636 , 9.4216 , 11.0712 , -1.71646 , -0.335239 , 0.696228 , 0.851239 , 38.8012 , 59.8041 , 14370.1 , 10962.6 , 11183.4 , 0.633822 , 5.51468 , 8.12709 , 16.3844 , 24.8687 , 27.7283 , 0
nan , nan , -46.9612 , 12.4496 , nan , nan , nan , nan , nan , nan , nan , nan , nan , -0.343355 , -0.789871 , 0.51353 , 11214.1 , 8523.4 , 8686.63 , 3160.79 , 4884.72 , 5218.12 , 0.973354 , 1.72404 , 2.64364 , 6.09667 , 9.33359 , 10.9849 , -2.55438 , -0.43547 , 0.751372 , 0.582772 , 37.1223 , 59.1568 , 14155 , 11119.2 , 11352.9 , 0.495148 , 5.27237 , 7.97818 , 13.7968 , 24.6148 , 27.5425 , 0
nan , nan , -43.9761 , 13.1136 , nan , nan , nan , nan , nan , nan , nan , nan , nan , -0.415117 , -0.752381 , 0.531755 , 10618.1 , 8812.56 , 8981.59 , 3172.15 , 4773.11 , 5132.02 , 1.17731 , 1.62769 , 2.51325 , 6.51809 , 8.85748 , 10.4777 , -3.51407 , -0.679505 , 0.990997 , 0.451509 , 35.6085 , 58.8348 , 13165.5 , 11379.1 , 11616.5 , 0.471221 , 5.02476 , 7.85868 , 23.9889 , 23.4227 , 26.3339 , 0
nan , nan , -43.0195 , 13.2908 , nan , nan , nan , nan , nan , nan , nan , nan , nan , -0.292875 , -0.745127 , 0.536714 , 10637.5 , 8951.9 , 9118.56 , 3106.61 , 4745.1 , 5113.11 , 1.142 , 1.57215 , 2.44852 , 7.105 , 8.51913 , 10.0732 , -3.82497 , -0.826354 , 1.16039 , 0.415815 , 35.0991 , 58.7651 , 13294.5 , 11516.8 , 11752.9 , 0.464126 , 4.93958 , 7.82865 , 18.9952 , 22.9754 , 25.8933 , 0
nan , nan , -43.0195 , 13.2908 , nan , nan , nan , nan , nan , nan , nan , nan , nan , -0.292875 , -0.745127 , 0.536714 , 10637.5 , 8951.9 , 9118.56 , 3106.61 , 4745.1 , 5113.11 , 1.142 , 1.57215 , 2.44852 , 7.105 , 8.51913 , 10.0732 , -3.82497 , -0.826354 , 1.16039 , 0.415815 , 35.0991 , 58.7651 , 13294.5 , 11516.8 , 11752.9 , 0.464126 , 4.93958 , 7.82865 , 18.9952 , 22.9754 , 25.8933 , 0
nan , nan , -42.1528 , 13.4051 , nan , nan , nan , nan , nan , nan , nan , nan , nan , -0.253883 , -0.73312 , 0.54416 , 10317.9 , 9092.87 , 9249.88 , 3265.57 , 4706.81 , 5084.98 , 1.26955 , 1.52529 , 2.38688 , 7.46781 , 8.29197 , 9.80974 , -3.14961 , -0.946259 , 1.25246 , 0.514639 , 34.5747 , 58.6881 , 12735.2 , 11639 , 11868.8 , 0.500505 , 4.84635 , 7.79128 , 19.3451 , 22.1147 , 24.8357 , 0
nan , nan , -42.1528 , 13.4051 , nan , nan , nan , nan , nan , nan , nan , nan , nan , -0.253883 , -0.73312 , 0.54416 , 10317.9 , 9092.87 , 9249.88 , 3265.57 , 4706.81 , 5084.98 , 1.26955 , 1.52529 , 2.38688 , 7.46781 , 8.29197 , 9.80974 , -3.14961 , -0.946259 , 1.25246 , 0.514639 , 34.5747 , 58.6881 , 12735.2 , 11639 , 11868.8 , 0.500505 , 4.84635 , 7.79128 , 19.3451 , 22.1147 , 24.8357 , 0
-1615.48 , 0 , -40.7148 , 13.4234 , -0 , 0 , 0 , -0 , 0 , 0 , 1 , 1 , 0 , -0.469892 , -0.711059 , 0.554606 , 6167.98 , 9207.18 , 9348.65 , 4119.76 , 4705.69 , 5084.43 , 1.21925 , 1.39628 , 2.22198 , 5.68287 , 7.59212 , 8.9427 , -2.56339 , -1.12646 , 1.34185 , 0.859158 , 33.7779 , 58.5865 , 9293.27 , 11866.1 , 12042.7 , 0.651385 , 4.70996 , 7.73648 , 20.5446 , 20.0768 , 21.9233 , 0
-1615.48 , 0 , -40.7148 , 13.4234 , -0 , 0 , 0 , -0 , 0 , 0 , 1 , 1 , 0 , -0.469892 , -0.711059 , 0.554606 , 6167.98 , 9207.18 , 9348.65 , 4119.76 , 4705.69 , 5084.43 , 1.21925 , 1.39628 , 2.22198 , 5.68287 , 7.59212 , 8.9427 , -2.56339 , -1.12646 , 1.34185 , 0.859158 , 33.7779 , 58.5865 , 9293.27 , 11866.1 , 12042.7 , 0.651385 , 4.70996 , 7.73648 , 20.5446 , 20.0768 , 21.9233 , 0
-1686.39 , 51.2797 , -39.7761 , 13.1081 , -0 , 0 , 0 , 0.0832337 , 0.0657103 , 0.048121 , 0.916766 , 0.93429 , 0.048121 , 0.0487481 , -0.672143 , 0.577585 , 4930.21 , 9068.02 , 9260.81 , 3116.79 , 4644.83 , 5040.4 , 1.72928 , 1.32238 , 2.08575 , 12.4849 , 7.31039 , 8.47236 , -3.6837 , -1.3961 , 1.57195 , 0.657055 , 32.8172 , 58.4426 , 7314.15 , 11711.2 , 11934.9 , 0.428546 , 4.53241 , 7.65706 , 30.8301 , 19.9512 , 21.7681 , 0
-1686.39 , 51.2797 , -39.7761 , 13.1081 , -0 , 0 , 0 , 0.0832337 , 0.0657103 , 0.048121 , 0.916766 , 0.93429 , 0.048121 , 0.0487481 , -0.672143 , 0.577585 , 4930.21 , 9068.02 , 9260.81 , 3116.79 , 4644.83 , 5040.4 , 1.72928 , 1.32238 , 2.08575 , 12.4849 , 7.31039 , 8.47236 , -3.6837 , -1.3961 , 1.57195 , 0.657055 , 32.8172 , 58.4426 , 7314.15 , 11711.2 , 11934.9 , 0.428546 , 4.53241 , 7.65706 , 30.8301 , 19.9512 , 21.7681 , 0
-1685.99 , 39.9181 , -38.4612 , 12.0987 , -0 , 0 , 0 , 0.0869518 , 0.0790196 , 0.0413883 , 0.913048 , 0.92098 , 0.0413883 , 0.00987803 , -0.604064 , 0.608051 , 5002.11 , 8921.09 , 9167.85 , 3055.08 , 4523.62 , 4948.36 , 2.16434 , 1.26309 , 1.93097 , 17.0611 , 7.43085 , 8.63585 , -4.01591 , -1.69645 , 1.84351 , 0.602023 , 31.0376 , 58.0078 , 7400.2 , 11675.1 , 11911 , 0.407498 , 4.24192 , 7.50041 , 34.1257 , 19.8402 , 21.4655 , 0
-1675.05 , 37.9828 , -36.9539 , 10.4552 , -0 , 0 , 0 , 0.0903112 , 0.0857995 , 0.0371844 , 0.909689 , 0.9142 , 0.0371844 , -0.139147 , -0.51539 , 0.599846 , 5000.89 , 8710.61 , 9020.84 , 3575.28 , 4300.96 , 4723.01 , 2.45076 , 1.29945 , 1.89876 , 14.9722 , 8.11902 , 9.53494 , -2.68759 , -1.94948 , 2.04477 , 0.879325 , 27.0078 , 56.0159 , 7529.27 , 11461.7 , 11751.4 , 0.542994 , 3.67005 , 7.0718 , 53.3101 , 21.5809 , 24.2262 , 0
-1675.05 , 37.9828 , -36.9539 , 10.4552 , -0 , 0 , 0 , 0.0903112 , 0.0857995 , 0.0371844 , 0.909689 , 0.9142 , 0.0371844 , -0.139147 , -0.51539 , 0.599846 , 5000.89 , 8710.61 , 9020.84 , 3575.28 , 4300.96 , 4723.01 , 2.45076 , 1.29945 , 1.89876 , 14.9722 , 8.11902 , 9.53494 , -2.68759 , -1.94948 , 2.04477 , 0.879325 , 27.0078 , 56.0159 , 7529.27 , 11461.7 , 11751.4 , 0.542994 , 3.67005 , 7.0718 , 53.3101 , 21.5809 , 24.2262 , 0
-1670.29 , 37.7018 , -36.4573 , 9.63517 , -0 , 0 , 0 , 0.144964 , 0.093195 , 0.0399087 , 0.855036 , 0.906805 , 0.0399087 , -0.147207 , -0.461344 , 0.568918 , 4839.87 , 8551.93 , 8899.95 , 3723.14 , 4147.57 , 4536.05 , 2.10837 , 1.3236 , 1.87658 , 10.4186 , 8.34187 , 9.67431 , -1.93606 , -2.0261 , 2.10196 , 1.22143 , 23.5306 , 53.1115 , 7486.24 , 11342.9 , 11660.4 , 0.641843 , 3.2301 , 6.61448 , 45.8976 , 22.8393 , 25.7218 , 0
-1670.29 , 37.7018 , -36.684 , 9.04302 , nan , 0 , 0 , nan , 0.093195 , 0.0399087 , nan , 0.906805 , 0.0399087 , -0.357326 , -0.34118 , 0.448818 , 4644.23 , 8167.29 , 8579.08 , 3920.25 , 3789.07 , 4019.29 , 1.99643 , 1.37212 , 1.81273 , 11.7416 , 8.80984 , 9.91919 , -0.34868 , -2.07576 , 2.19398 , 6.78308 , 14.0013 , 39.7272 , 7873.46 , 10905.8 , 11254.8 , 1.63202 , 2.1273 , 4.90103 , 26.123 , 23.6793 , 26.2292 , 0
-1670.29 , 37.7018 , -37.4259 , 9.49955 , nan , 0 , 0 , nan , 0.093195 , 0.0399087 , nan , 0.906805 , 0.0399087 , -0.523219 , -0.29445 , 0.357278 , 4470.87 , 7949.88 , 8394.87 , 4189.32 , 3627.77 , 3761.96 , 2.85724 , 1.44229 , 1.85668 , 16.1897 , 9.3033 , 10.3787 , -0.172379 , -2.08221 , 2.23053 , 13.8486 , 8.6616 , 26.7034 , 5464.1 , 10544.4 , 10929.5 , 2.71609 , 1.57222 , 3.57024 , 37.511 , 24.7049 , 27.1473 , 0
-1670.29 , 37.7018 , -37.4259 , 9.49955 , nan , 0 , 0 , nan , 0.093195 , 0.0399087 , nan , 0.906805 , 0.0399087 , -0.523219 , -0.29445 , 0.357278 , 4470.87 , 7949.88 , 8394.87 , 4189.32 , 3627.77 , 3761.96 , 2.85724 , 1.44229 , 1.85668 , 16.1897 , 9.3033 , 10.3787 , -0.172379 , -2.08221 , 2.23053 , 13.8486 , 8.6616 , 26.7034 , 5464.1 , 10544.4 , 10929.5 , 2.71609 , 1.57222 , 3.57024 , 37.511 , 24.7049 , 27.1473 , 0
-1670.29 , 37.7018 , -38.2414 , 10.0922 , nan , 0 , 0 , nan , 0.093195 , 0.0399087 , nan , 0.906805 , 0.0399087 , -0.532016 , -0.251472 , 0.243312 , 4280.32 , 7741.03 , 8221.61 , 3993.61 , 3477.35 , 3519.2 , 3.40988 , 1.52408 , 1.93171 , 20.6602 , 9.94119 , 11.1086 , -0.150566 , -2.08768 , 2.26471 , 16.0244 , 4.3849 , 10.7627 , 4775.71 , 10210.5 , 10652.6 , 2.67794 , 1.07839 , 1.89691 , 41.1816 , 25.7965 , 28.2045 , 0
-1670.29 , 37.7018 , -39.2011 , 10.9317 , nan , 0 , 0 , nan , 0.093195 , 0.0399087 , nan , 0.906805 , 0.0399087 , -0.880441 , -0.26916 , 0.251669 , 5137.79 , 7418.92 , 7945.86 , 4702.55 , 3497.74 , 3533.28 , 3.00935 , 1.66264 , 2.12005 , 15.273 , 10.5459 , 11.8196 , -0.10013 , -2.08339 , 2.25038 , 22.9306 , 3.9605 , 7.80037 , 5033.85 , 9726.95 , 10286.4 , 3.90078 , 1.03129 , 1.63584 , 43.5331 , 27.698 , 30.1403 , 0
-1670.29 , 37.7018 , -39.2011 , 10.9317 , nan , 0 , 0 , nan , 0.093195 , 0.0399087 , nan , 0.906805 , 0.0399087 , -0.880441 , -0.26916 , 0.251669 , 5137.79 , 7418.92 , 7945.86 , 4702.55 , 3497.74 , 3533.28 , 3.00935 , 1.66264 , 2.12005 , 15.273 , 10.5459 , 11.8196 , -0.10013 , -2.08339 , 2.25038 , 22.9306 , 3.9605 , 7.80037 , 5033.85 , 9726.95 , 10286.4 , 3.90078 , 1.03129 , 1.63584 , 43.5331 , 27.698 , 30.1403 , 0
-1670.29 , 37.7018 , -39.286 , 11.08 , nan , 0 , 0 , nan , 0.093195 , 0.0399087 , nan , 0.906805 , 0.0399087 , -0.500713 , -0.291795 , 0.245965 , 7048.45 , 7324.16 , 7847.08 , 4135.47 , 3541.64 , 3577.59 , 1.70378 , 1.70777 , 2.17067 , 10.0104 , 10.674 , 11.9342 , -0.193826 , -2.06438 , 2.23098 , 10.506 , 4.2782 , 8.0855 , 10541 , 9644.35 , 10193.1 , 2.48557 , 1.09533 , 1.72875 , 18.0836 , 27.6079 , 30.103 , 0
-1670.29 , 37.7018 , -38.5054 , 10.5374 , nan , 0 , 0 , nan , 0.093195 , 0.0399087 , nan , 0.906805 , 0.0399087 , -0.6495 , -0.313809 , 0.255721 , 5315.47 , 6982.14 , 7477.08 , 4900.48 , 3662.86 , 3703.25 , 2.70536 , 1.83418 , 2.28714 , 12.2654 , 10.9909 , 12.1939 , -0.194661 , -1.98273 , 2.1975 , 11.6715 , 4.95277 , 8.58574 , 7099.02 , 9324.25 , 9850.25 , 2.74892 , 1.24049 , 1.89402 , 16.8385 , 27.35 , 29.9731 , 0
-1670.29 , 37.7018 , -38.5054 , 10.5374 , nan , 0 , 0 , nan , 0.093195 , 0.0399087 , nan , 0.906805 , 0.0399087 , -0.6495 , -0.313809 , 0.255721 , 5315.47 , 6982.14 , 7477.08 , 4900.48 , 3662.86 , 3703.25 , 2.70536 , 1.83418 , 2.28714 , 12.2654 , 10.9909 , 12.1939 , -0.194661 , -1.98273 , 2.1975 , 11.6715 , 4.95277 , 8.58574 , 7099.02 , 9324.25 , 9850.25 , 2.74892 , 1.24049 , 1.89402 , 16.8385 , 27.35 , 29.9731 , 0
-1670.29 , 37.7018 , -39.2229 , 10.9686 , nan , 0 , 0 , nan , 0.093195 , 0.0399087 , nan , 0.906805 , 0.0399087 , -0.961069 , -0.339191 , 0.285482 , 6926.14 , 6809.13 , 7263.75 , 7101.57 , 3823.25 , 3917.81 , 1.99367 , 1.88537 , 2.34819 , 6.27254 , 11.0052 , 12.225 , -0.0592645 , -1.92408 , 2.16605 , 34.6395 , 6.29977 , 11.084 , 5636.2 , 8980.05 , 9496.63 , 6.06477 , 1.45894 , 2.29603 , 36.2143 , 28.0025 , 30.608 , 0
-1670.29 , 37.7018 , -39.0745 , 10.7399 , nan , 0 , 0 , nan , 0.093195 , 0.0399087 , nan , 0.906805 , 0.0399087 , -1.47674 , -0.427325 , 0.401822 , 8153.16 , 6515.1 , 6872.82 , 7312.45 , 4148.35 , 4330.43 , 1.58918 , 1.95633 , 2.48276 , 5.47845 , 11.0089 , 12.3093 , -0.0244576 , -1.75545 , 2.04585 , 77.1194 , 11.9844 , 23.3079 , 12262 , 8627.25 , 9063.27 , 10.7355 , 2.21596 , 3.78172 , 16.2108 , 28.1913 , 30.792 , 0
-1670.29 , 37.7018 , -38.998 , 10.6574 , nan , 0 , 0 , nan , 0.093195 , 0.0399087 , nan , 0.906805 , 0.0399087 , -1.66545 , -0.487387 , 0.465184 , 8615.57 , 6419.21 , 6734.55 , 7825.92 , 4332.77 , 4559.56 , 1.48176 , 1.97059 , 2.55052 , 4.75279 , 10.9405 , 12.3314 , -0.0184583 , -1.64357 , 1.95488 , 98.7724 , 15.9137 , 30.64 , 11917.8 , 8568.74 , 8981.29 , 12.7069 , 2.70413 , 4.64187 , 24.6931 , 28.6554 , 31.138 , 0
-1670.29 , 37.7018 , -38.998 , 10.6574 , nan , 0 , 0 , nan , 0.093195 , 0.0399087 , nan , 0.906805 , 0.0399087 , -1.66545 , -0.487387 , 0.465184 , 8615.57 , 6419.21 , 6734.55 , 7825.92 , 4332.77 , 4559.56 , 1.48176 , 1.97059 , 2.55052 , 4.75279 , 10.9405 , 12.3314 , -0.0184583 , -1.64357 , 1.95488 , 98.7724 , 15.9137 , 30.64 , 11917.8 , 8568.74 , 8981.29 , 12.7069 , 2.70413 , 4.64187 , 24.6931 , 28.6554 , 31.138 , 0
-1670.29 , 37.7018 , -39.0035 , 10.7293 , nan , 0 , 0 , nan , 0.093195 , 0.0399087 , nan , 0.906805 , 0.0399087 , -1.60208 , -0.534866 , 0.513454 , 8918.22 , 6351.21 , 6635.23 , 8266.49 , 4536.54 , 4808.44 , 1.35592 , 1.97773 , 2.60126 , 4.15394 , 10.846 , 12.3305 , -0.0165515 , -1.50367 , 1.83568 , 107.677 , 20.2027 , 37.533 , 11401.5 , 8498.18 , 8884.31 , 13.8504 , 3.2393 , 5.48536 , 17.8121 , 28.4083 , 31.0122 , 0
-1670.29 , 37.7018 , -39.2464 , 10.9837 , nan , 0 , 0 , nan , 0.093195 , 0.0399087 , nan , 0.906805 , 0.0399087 , -0.0162676 , -0.522943 , 0.521928 , 3564.92 , 5803.21 , 6024.45 , 2975.18 , 4544.05 , 4814.19 , 3.95526 , 2.20516 , 2.85306 , 28.4667 , 12.4812 , 14.5181 , -1.34763 , -1.29075 , 1.6462 , 1.87215 , 20.5685 , 37.569 , 5076.88 , 7882.07 , 8224.11 , 0.534795 , 3.28761 , 5.49089 , 40.141 , 29.7441 , 32.2093 , 0
-1670.29 , 37.7018 , -39.2464 , 10.9837 , nan , 0 , 0 , nan , 0.093195 , 0.0399087 , nan , 0.906805 , 0.0399087 , -0.0162676 , -0.522943 , 0.521928 , 3564.92 , 5803.21 , 6024.45 , 2975.18 , 4544.05 , 4814.19 , 3.95526 , 2.20516 , 2.85306 , 28.4667 , 12.4812 , 14.5181 , -1.34763 , -1.29075 , 1.6462 , 1.87215 , 20.5685 , 37.569 , 5076.88 , 7882.07 , 8224.11 , 0.534795 , 3.28761 , 5.49089 , 40.141 , 29.7441 , 32.2093 , 0
-1670.29 , 37.7018 , -39.4927 , 11.0317 , nan , 0 , 0 , nan , 0.093195 , 0.0399087 , nan , 0.906805 , 0.0399087 , 0.0351125 , -0.512343 , 0.530395 , 3516.81 , 5565.89 , 5763.37 , 3319.87 , 4528.87 , 4803.1 , 4.00929 , 2.3302 , 2.97021 , 25.8218 , 13.2406 , 15.3648 , -1.67558 , -1.26427 , 1.62704 , 1.51508 , 20.5995 , 37.5644 , 5076.88 , 7627.36 , 7964.14 , 0.529936 , 3.28286 , 5.48259 , 45.2 , 30.8576 , 33.2806 , 0
-1668.63 , 26.3329 , -40.1319 , 10.8103 , nan , 0 , 0 , nan , 0.105277 , 0.021416 , nan , 0.894723 , 0.021416 , 0.198042 , -0.467376 , 0.560902 , 3618.07 , 5406.38 , 5631.84 , 2643.52 , 4443.14 , 4743.69 , 2.33659 , 2.42728 , 3.01145 , 19.3158 , 14.3163 , 16.3377 , -1.67944 , -1.17061 , 1.53122 , 1.50484 , 20.6495 , 37.5412 , 5765.27 , 7417.4 , 7771.82 , 0.446477 , 3.27238 , 5.44963 , 54.5783 , 33.1455 , 35.6418 , 0
-1668.63 , 26.3329 , -40.1319 , 10.8103 , nan , 0 , 0 , nan , 0.105277 , 0.021416 , nan , 0.894723 , 0.021416 , 0.198042 , -0.467376 , 0.560902 , 3618.07 , 5406.38 , 5631.84 , 2643.52 , 4443.14 , 4743.69 , 2.33659 , 2.42728 , 3.01145 , 19.3158 , 14.3163 , 16.3377 , -1.67944 , -1.17061 , 1.53122 , 1.50484 , 20.6495 , 37.5412 , 5765.27 , 7417.4 , 7771.82 , 0.446477 , 3.27238 , 5.44963 , 54.5783 , 33.1455 , 35.6418 , 0
-1660.63 , 21.1565 , -40.6313 , 10.5888 , nan , 0 , 0 , nan , 0.109686 , 0.0208268 , nan , 0.890314 , 0.0208268 , 0.10256 , -0.465223 , 0.562978 , 3531.14 , 5350.41 , 5589.63 , 2909.92 , 4434.87 , 4738.43 , 2.63914 , 2.46368 , 3.04125 , 18.7463 , 14.5668 , 16.5805 , -1.21088 , -1.07169 , 1.39841 , 2.08819 , 20.7068 , 37.5428 , 5722.24 , 7353.73 , 7718.22 , 0.532707 , 3.27655 , 5.44888 , 78.9704 , 35.0711 , 38.5151 , 0
-1644.12 , 6.2424 , -42.0862 , 10.1322 , nan , 0 , 0 , nan , 0.116821 , 0.0223417 , nan , 0.883179 , 0.0223417 , 0.215409 , -0.452324 , 0.576243 , 3549.24 , 5230.23 , 5499.57 , 3223.79 , 4440.26 , 4742.04 , 2.32053 , 2.51118 , 3.07306 , 15.4118 , 14.7743 , 16.7971 , -0.694799 , -0.83075 , 1.0292 , 3.62359 , 20.9056 , 37.5481 , 6367.61 , 7238.42 , 7619.47 , 0.826446 , 3.30166 , 5.4448 , 42.7806 , 37.0805 , 41.2935 , 0
-1644.12 , 6.2424 , -42.0862 , 10.1322 , nan , 0 , 0 , nan , 0.116821 , 0.0223417 , nan , 0.883179 , 0.0223417 , 0.215409 , -0.452324 , 0.576243 , 3549.24 , 5230.23 , 5499.57 , 3223.79 , 4440.26 , 4742.04 , 2.32053 , 2.51118 , 3.07306 , 15.4118 , 14.7743 , 16.7971 , -0.694799 , -0.83075 , 1.0292 , 3.62359 , 20.9056 , 37.5481 , 6367.61 , 7238.42 , 7619.47 , 0.826446 , 3.30166 , 5.4448 , 42.7806 , 37.0805 , 41.2935 , 0
-1640.11 , 3.18707 , -43.0673 , 9.93057 , nan , 0 , 0 , nan , 0.117637 , 0.0273262 , nan , 0.882362 , 0.0273263 , -0.267071 , -0.463746 , 0.569589 , 3371.2 , 5165.24 , 5449.92 , 3730.37 , 4457.93 , 4755.11 , 2.88415 , 2.52272 , 3.09605 , 16.4234 , 14.6948 , 16.7226 , -0.443057 , -0.699743 , 0.791894 , 5.7305 , 21.109 , 37.5744 , 6496.68 , 7198.84 , 7583.08 , 1.18453 , 3.33116 , 5.4596 , 53.0873 , 37.6083 , 41.8996 , 0
nan , nan , -45.3912 , 9.5844 , nan , nan , nan , nan , nan , nan , nan , nan , nan , -0.463282 , -0.483205 , 0.562834 , 3160.37 , 5018.76 , 5341.19 , 4244.85 , 4482.97 , 4775.75 , 3.34566 , 2.61084 , 3.20684 , 19.169 , 15.3152 , 17.3528 , -0.206714 , -0.536129 , 0.586111 , 12.4166 , 21.8384 , 37.7089 , 4646.63 , 6980.28 , 7404.03 , 2.22822 , 3.43342 , 5.50599 , 77.5059 , 38.7563 , 43.6134 , 0
nan , nan , -46.5877 , 9.27793 , nan , nan , nan , nan , nan , nan , nan , nan , nan , -0.99094 , -0.523874 , 0.561317 , 3475.7 , 4952.47 , 5287.54 , 4987.94 , 4525.56 , 4815.36 , 3.20669 , 2.67814 , 3.30545 , 15.9697 , 15.6604 , 17.6299 , -0.109592 , -0.503712 , 0.584348 , 23.0158 , 22.6588 , 38.0208 , 4947.8 , 6861.53 , 7300.17 , 3.48436 , 3.53371 , 5.58469 , 66.2698 , 40.5607 , 45.4419 , 0
nan , nan , -46.5877 , 9.27793 , nan , nan , nan , nan , nan , nan , nan , nan , nan , -0.99094 , -0.523874 , 0.561317 , 3475.7 , 4952.47 , 5287.54 , 4987.94 , 4525.56 , 4815.36 , 3.20669 , 2.67814 , 3.30545 , 15.9697 , 15.6604 , 17.6299 , -0.109592 , -0.503712 , 0.584348 , 23.0158 , 22.6588 , 38.0208 , 4947.8 , 6861.53 , 7300.17 , 3.48436 , 3.53371 , 5.58469 , 66.2698 , 40.5607 , 45.4419 , 0
nan , nan , -47.7369 , 8.85643 , nan , nan , nan , nan , nan , nan , nan , nan , nan , -1.02952 , -0.550762 , 0.568746 , 4819.11 , 4959.47 , 5293.82 , 5986.25 , 4608.2 , 4899.67 , 2.54483 , 2.70007 , 3.35003 , 10.4728 , 15.6096 , 17.621 , -0.0556755 , -0.491992 , 0.592825 , 42.023 , 24.0684 , 38.951 , 5937.37 , 6784.08 , 7226.57 , 5.99852 , 3.70837 , 5.73871 , 36.134 , 40.9611 , 45.7444 , 0
nan , nan , -49.7317 , 7.80028 , nan , nan , nan , nan , nan , nan , nan , nan , nan , -1.35479 , -0.610392 , 0.601777 , 6047.3 , 5057.22 , 5386.61 , 7447.06 , 4847.86 , 5166.84 , 2.01993 , 2.62485 , 3.33432 , 6.64612 , 14.7469 , 16.9873 , -0.0290469 , -0.48194 , 0.610154 , 74.8016 , 28.0208 , 42.9759 , 4603.61 , 6746.22 , 7200.34 , 9.45935 , 4.16479 , 6.25753 , 37.1383 , 40.8104 , 45.6671 , 0
nan , nan , -49.7317 , 7.80028 , nan , nan , nan , nan , nan , nan , nan , nan , nan , -1.35479 , -0.610392 , 0.601777 , 6047.3 , 5057.22 , 5386.61 , 7447.06 , 4847.86 , 5166.84 , 2.01993 , 2.62485 , 3.33432 , 6.64612 , 14.7469 , 16.9873 , -0.0290469 , -0.48194 , 0.610154 , 74.8016 , 28.0208 , 42.9759 , 4603.61 , 6746.22 , 7200.34 , 9.45935 , 4.16479 , 6.25753 , 37.1383 , 40.8104 , 45.6671 , 0
nan , nan , -50.5087 , 7.2349 , nan , nan , nan , nan , nan , nan , nan , nan , nan , -1.00504 , -0.61611 , 0.604813 , 6451.72 , 5127.92 , 5459.21 , 6528.58 , 4929.44 , 5253.11 , 2.18294 , 2.58032 , 3.29483 , 8.16925 , 14.3576 , 16.6768 , -0.0343269 , -0.478716 , 0.614233 , 61.6921 , 29.6679 , 44.5499 , 6582.73 , 6818.5 , 7257.14 , 8.15295 , 4.35322 , 6.45201 , 30.7879 , 40.4905 , 45.4237 , 0
nan , nan , -51.5214 , 6.40292 , nan , nan , nan , nan , nan , nan , nan , nan , nan , -0.234414 , -0.589553 , 0.606881 , 6718.49 , 5162.56 , 5492.71 , 3712.41 , 4847.01 , 5191.65 , 2.55743 , 2.64486 , 3.33383 , 13.5166 , 14.9407 , 17.3131 , -0.513901 , -0.499379 , 0.598753 , 4.05177 , 28.7802 , 44.2641 , 7744.39 , 6799.57 , 7195.26 , 1.3435 , 4.21581 , 6.36577 , 26.2686 , 40.0493 , 44.9775 , 0
nan , nan , -51.5214 , 6.40292 , nan , nan , nan , nan , nan , nan , nan , nan , nan , -0.234414 , -0.589553 , 0.606881 , 6718.49 , 5162.56 , 5492.71 , 3712.41 , 4847.01 , 5191.65 , 2.55743 , 2.64486 , 3.33383 , 13.5166 , 14.9407 , 17.3131 , -0.513901 , -0.499379 , 0.598753 , 4.05177 , 28.7802 , 44.2641 , 7744.39 , 6799.57 , 7195.26 , 1.3435 , 4.21581 , 6.36577 , 26.2686 , 40.0493 , 44.9775 , 0
nan , nan , -51.7224 , 6.27154 , nan , nan , nan , nan , nan , nan , nan , nan , nan , -0.213319 , -0.581831 , 0.610381 , 4870.4 , 5070.26 , 5390.51 , 3811.27 , 4837.93 , 5184.77 , 1.78371 , 2.66093 , 3.33678 , 10.3423 , 15.0201 , 17.3516 , -0.63451 , -0.514329 , 0.594272 , 3.68283 , 28.6178 , 44.2359 , 7572.29 , 6637.8 , 6976.19 , 1.09667 , 4.1766 , 6.34656 , 29.8737 , 40.6819 , 45.2866 , 0
nan , nan , -51.6143 , 6.38269 , nan , nan , nan , nan , nan , nan , nan , nan , nan , 0.217721 , -0.504512 , 0.636454 , 3792.66 , 4896.04 , 5220.46 , 3032.74 , 4603.42 , 4965.58 , 1.63517 , 2.59985 , 3.21352 , 12.4325 , 15.2457 , 17.4072 , -0.818799 , -0.57291 , 0.589174 , 3.03729 , 26.9957 , 43.5648 , 7357.17 , 6716.97 , 7050.53 , 0.632541 , 3.87589 , 6.12418 , 52.2509 , 41.9621 , 46.198 , 0
